run,scenario_type,scenario,split,context,model,RMSE,MAE,R2,Stability
0,baselines,full,within_sample,within_sample,Ridge,7.610811821310679,5.862181601787832,0.04032800057931085,0.00024685726849807003
0,baselines,full,within_sample,within_sample,RandomForest,7.141293278080805,5.471654639939398,0.15508193965132588,0.028875529203136675
0,baselines,full,within_sample,within_sample,XGBoost,7.430083079708291,5.558425126794267,0.08536420239406894,0.028490342139142782
0,baselines,full,within_sample,within_sample,MLP,8.933510842728456,6.513848973225452,-0.32222447851192726,0.0005147118183527878
0,baselines,full,region_holdout,east_asia_n_pacific,Ridge,8.262882045589885,6.6429762837069,-0.20328268842226116,-8.347272980545849e-05
0,baselines,full,region_holdout,east_asia_n_pacific,RandomForest,8.127518979222318,6.420204761904759,-0.16418110669609454,0.0710259304941841
0,baselines,full,region_holdout,east_asia_n_pacific,XGBoost,7.688871535975881,5.846097731817335,-0.04190895804858452,0.031058208545523814
0,baselines,full,region_holdout,east_asia_n_pacific,MLP,9.52364388672574,7.603968759194168,-0.5984934372677388,7.086820931658495e-05
0,baselines,full,region_holdout,europe_n_central_asia,Ridge,7.156981212593334,5.846339346077507,0.10742043909531529,-6.420011981638569e-06
0,baselines,full,region_holdout,europe_n_central_asia,RandomForest,5.987061095496205,4.695907470767033,0.3753819023005649,0.07451817224910444
0,baselines,full,region_holdout,europe_n_central_asia,XGBoost,5.976578689650195,4.587124616215738,0.3775672043948245,0.1279248790494052
0,baselines,full,region_holdout,europe_n_central_asia,MLP,9.23864770685358,6.819856194505563,-0.48731855755581344,-0.0007856133548621091
0,baselines,full,region_holdout,latin_america_n_caribbean,Ridge,6.6688736671741085,5.372236810484087,0.07042644968471479,-5.174977015319584e-05
0,baselines,full,region_holdout,latin_america_n_caribbean,RandomForest,5.740403744221016,4.262038095238095,0.3112467592463829,0.02110760882246306
0,baselines,full,region_holdout,latin_america_n_caribbean,XGBoost,5.867163629687474,4.289409592038108,0.2804927437765631,0.045458093242321945
0,baselines,full,region_holdout,latin_america_n_caribbean,MLP,15.041645139647692,9.439357394697778,-3.7290015302361974,-4.8751344664104204e-05
0,baselines,full,region_holdout,north_america,Ridge,7.421927096575092,5.762170888628434,-0.024117523840153865,0.00010080531782376829
0,baselines,full,region_holdout,north_america,RandomForest,6.57372084418897,4.803204385964911,0.19658683380807196,0.2193375003903156
0,baselines,full,region_holdout,north_america,XGBoost,6.816811145434208,5.143265007420591,0.13606920649748466,0.14908225164936856
0,baselines,full,region_holdout,north_america,MLP,9.856783604842294,7.03550381243038,-0.8062874883059736,-0.00020964774040273308
0,baselines,full,region_holdout,south_asia,Ridge,10.34984105827723,8.59469648478129,-0.5808474413173941,6.052431813313872e-05
0,baselines,full,region_holdout,south_asia,RandomForest,9.202733920784237,7.235200394144141,-0.2498454993199115,0.008818201454266917
0,baselines,full,region_holdout,south_asia,XGBoost,9.347045635213219,7.450092008436048,-0.28935148835176694,-0.001080928064446872
0,baselines,full,region_holdout,south_asia,MLP,14.969873569659327,12.36411636184244,-2.307187857276118,-4.467791071588959e-05
0,baselines,full,region_holdout,sub_saharan_africa,Ridge,9.299250887994226,7.289396555898128,0.055582037790937955,0.00014518571716809467
0,baselines,full,region_holdout,sub_saharan_africa,RandomForest,9.209092600122531,7.372163157894735,0.07380594583304623,0.009554658570664289
0,baselines,full,region_holdout,sub_saharan_africa,XGBoost,9.387121461371711,7.709190212048983,0.037649705927753296,0.003967321786026932
0,baselines,full,region_holdout,sub_saharan_africa,MLP,7.858626391988873,6.702538639123945,0.32553162091582044,0.0005463700040932099
0,baselines,full,size_holdout,Large-Cap,Ridge,8.121310057679606,6.478802747426576,0.035039768152053896,9.175081017837605e-05
0,baselines,full,size_holdout,Large-Cap,RandomForest,7.037573434702291,5.305510176991149,0.27539202120571504,0.08436171519479432
0,baselines,full,size_holdout,Large-Cap,XGBoost,6.996831385545191,5.237772584425664,0.28375756352587567,0.08639854151836682
0,baselines,full,size_holdout,Large-Cap,MLP,11.263298928619118,8.53932810843602,-0.8560447950104879,0.0007844077676382009
0,baselines,full,size_holdout,Mid-Cap,Ridge,7.331279608098715,5.825014885328841,0.08733104801020353,-8.139616246311125e-05
0,baselines,full,size_holdout,Mid-Cap,RandomForest,6.836334227038446,5.466094435817803,0.20640251280061528,0.14633299728389632
0,baselines,full,size_holdout,Mid-Cap,XGBoost,7.1663839870272295,5.618230566605278,0.12792495484478317,0.13024142355337803
0,baselines,full,size_holdout,Mid-Cap,MLP,10.249706104319316,7.3620096421535415,-0.7839247682331305,0.0014933634865916853
0,baselines,full,size_holdout,Small-Cap,Ridge,7.721668440092789,5.957009789619606,0.02776222155958541,0.00014000895007875455
0,baselines,full,size_holdout,Small-Cap,RandomForest,7.115794344792021,5.173906593137256,0.174348129154139,0.01876090017085736
0,baselines,full,size_holdout,Small-Cap,XGBoost,7.079680279344308,5.304597174139584,0.18270755581299036,0.021910009294297126
0,baselines,full,size_holdout,Small-Cap,MLP,11.27776867016444,8.586012009593109,-1.073941765362044,-3.171397459163976e-05
0,baselines,constrained,within_sample,within_sample,Ridge,6.722312868742233,5.256173753180648,0.024824284220632653,6.96117018705897e-05
0,baselines,constrained,within_sample,within_sample,RandomForest,6.240144983884894,4.992177886408161,0.15969916463822753,0.013118064758851309
0,baselines,constrained,within_sample,within_sample,XGBoost,6.02078479004608,4.66775882589406,0.2177390653753175,0.0159946897919007
0,baselines,constrained,within_sample,within_sample,MLP,16.180643573539996,14.136910229659847,-4.6498512991199625,0.0002900805548696337
0,baselines,constrained,region_holdout,europe_n_central_asia,Ridge,7.074343467715253,5.761851787536082,0.1329027699871297,-0.0001338574200451717
0,baselines,constrained,region_holdout,europe_n_central_asia,RandomForest,6.499195553982748,4.997249090909092,0.26816238919469926,0.044642021718206346
0,baselines,constrained,region_holdout,europe_n_central_asia,XGBoost,6.594105875177457,4.9930772601040925,0.24663169041261224,0.03241122748636963
0,baselines,constrained,region_holdout,europe_n_central_asia,MLP,12.22207625323999,9.604915483908727,-1.5881264653737586,5.151216959640646e-05
0,baselines,constrained,region_holdout,north_america,Ridge,9.598347580105786,6.979370254755201,-0.9628025527332242,0.00018837512304375353
0,baselines,constrained,region_holdout,north_america,RandomForest,7.0365343099700555,4.974025363984672,-0.05487569938868009,0.10093499630368404
0,baselines,constrained,region_holdout,north_america,XGBoost,6.6902834662066795,4.885612127808319,0.04638580552543281,0.14211912721954226
0,baselines,constrained,region_holdout,north_america,MLP,9.177714782026674,7.04375457240787,-0.7945385094124611,-0.0002505482990820653
0,baselines,constrained,size_holdout,Large-Cap,Ridge,6.184252769297483,4.979709335359696,0.029936495093335402,2.0890481260967616e-05
0,baselines,constrained,size_holdout,Large-Cap,RandomForest,6.395415683278624,4.953833606557376,-0.037440640411816606,0.1082790848022422
0,baselines,constrained,size_holdout,Large-Cap,XGBoost,6.141598900576214,4.6399899135652145,0.04327174217080343,0.19594992951432508
0,baselines,constrained,size_holdout,Large-Cap,MLP,11.175459457459814,9.358212505774896,-2.167790677764437,-0.00029623230677884116
0,baselines,constrained,size_holdout,Mid-Cap,Ridge,7.468265568922323,5.865655382629833,0.07343984867568887,-8.904566140907915e-06
0,baselines,constrained,size_holdout,Mid-Cap,RandomForest,6.929380575768496,5.28250961159211,0.20233058294949668,0.01115113931067294
0,baselines,constrained,size_holdout,Mid-Cap,XGBoost,7.121489764402614,5.661658052986051,0.15748853108464456,0.010090451321040177
0,baselines,constrained,size_holdout,Mid-Cap,MLP,10.532161251411782,7.826806559748008,-0.8427614233645151,-0.00040389709074511407
0,diversified,max_balanced,within_sample,within_sample,Ridge,7.033928575056053,5.628208061529089,0.351501056473855,0.0003950415076278137
0,diversified,max_balanced,within_sample,within_sample,RandomForest,3.3774672584624446,1.907613475177322,0.8504812491493808,0.8993724009045849
0,diversified,max_balanced,within_sample,within_sample,XGBoost,3.022123824271821,1.2231072650395385,0.8802879483381042,1.010686972756137
0,diversified,max_balanced,within_sample,within_sample,MLP,5.038890777312718,2.0196904902025685,0.6672000485292588,0.0039910997053672305
0,diversified,max_balanced,region_holdout,east_asia_n_pacific,Ridge,10.020769249752114,7.340199315401805,-0.7257054002320147,-0.00026597250524328943
0,diversified,max_balanced,region_holdout,east_asia_n_pacific,RandomForest,8.71733842961491,6.988425693569502,-0.30596743681594685,-0.005121330593362506
0,diversified,max_balanced,region_holdout,east_asia_n_pacific,XGBoost,8.074756207915843,6.28761697769165,-0.1205297019219993,0.035564038099768595
0,diversified,max_balanced,region_holdout,east_asia_n_pacific,MLP,14.362678692577665,9.717818231773219,-2.5451566063361626,0.0008408861515342038
0,diversified,max_balanced,region_holdout,europe_n_central_asia,Ridge,6.8009744595857295,5.233800526405323,0.08253757297049424,0.00010064467611571068
0,diversified,max_balanced,region_holdout,europe_n_central_asia,RandomForest,5.763662398506971,4.391058355118284,0.34106425267448137,0.13331668352294454
0,diversified,max_balanced,region_holdout,europe_n_central_asia,XGBoost,6.111224554463694,4.814433751539751,0.2591974241863906,0.06105211859206864
0,diversified,max_balanced,region_holdout,europe_n_central_asia,MLP,9.175425164190198,7.248731610047883,-0.669930491368206,-4.539577552224315e-05
0,diversified,max_balanced,region_holdout,latin_america_n_caribbean,Ridge,7.553688669032301,6.410895687319277,0.1827774493568729,0.0005298579803212388
0,diversified,max_balanced,region_holdout,latin_america_n_caribbean,RandomForest,5.655964691641258,4.383990860247215,0.541820599908418,0.0033643284194518307
0,diversified,max_balanced,region_holdout,latin_america_n_caribbean,XGBoost,4.761401318686206,3.870614015839316,0.6752929218227486,0.11637746951527879
0,diversified,max_balanced,region_holdout,latin_america_n_caribbean,MLP,13.461211377083504,9.161572715138474,-1.5953173363385504,-0.00058786822562374
0,diversified,max_balanced,region_holdout,north_america,Ridge,8.088669507935183,6.3596281856412595,-0.029650041353866063,0.00047248067463249635
0,diversified,max_balanced,region_holdout,north_america,RandomForest,7.395603398524424,5.474026805991389,0.13923879317165022,0.15594112402942015
0,diversified,max_balanced,region_holdout,north_america,XGBoost,7.361678000337305,5.486060543638287,0.14711771463560908,0.19619217386364757
0,diversified,max_balanced,region_holdout,north_america,MLP,11.796041879218862,8.37783354187333,-1.1898182485431303,0.00044071474233330066
0,diversified,max_balanced,region_holdout,south_asia,Ridge,8.082866992541996,6.238865580457001,-0.33145338732064067,9.912966530511611e-05
0,diversified,max_balanced,region_holdout,south_asia,RandomForest,8.215294612914567,6.670682978135278,-0.37543916726247084,-0.01649192659750718
0,diversified,max_balanced,region_holdout,south_asia,XGBoost,8.623735546471687,6.9728870920701445,-0.5156047662102217,-0.015561898215359965
0,diversified,max_balanced,region_holdout,south_asia,MLP,13.013975666245253,11.122747508022112,-2.4515572627711504,-0.0004016076255816439
0,diversified,max_balanced,region_holdout,sub_saharan_africa,Ridge,9.205195022622163,7.7934356136900425,0.042323492744517965,3.9005879479876645e-05
0,diversified,max_balanced,region_holdout,sub_saharan_africa,RandomForest,8.868340152840112,7.344065669629266,0.11113146900044213,0.006793112369778069
0,diversified,max_balanced,region_holdout,sub_saharan_africa,XGBoost,9.201602805888847,7.746915861187559,0.04307079040008244,0.0029755908724155965
0,diversified,max_balanced,region_holdout,sub_saharan_africa,MLP,10.02288800933087,8.267486999726781,-0.135373102942681,-1.0859005626497227e-05
0,diversified,max_balanced,size_holdout,Large-Cap,Ridge,8.673308274363578,7.076641762475544,0.02264764909771233,-9.888410640042846e-05
0,diversified,max_balanced,size_holdout,Large-Cap,RandomForest,8.099592913902994,6.7268783344472425,0.14766959743314312,0.0557508121768349
0,diversified,max_balanced,size_holdout,Large-Cap,XGBoost,8.324580769917963,7.0042003871455325,0.09966042689626031,0.025346842054791298
0,diversified,max_balanced,size_holdout,Large-Cap,MLP,11.930029817584257,9.358231789611498,-0.8491181214680104,-0.0006692450109738104
0,diversified,max_balanced,size_holdout,Mid-Cap,Ridge,7.543114925978273,6.086506835027605,-0.058644435495794456,-0.00013486069732993364
0,diversified,max_balanced,size_holdout,Mid-Cap,RandomForest,6.9090334636675905,5.619408212121211,0.1118562535725296,0.07528029651624132
0,diversified,max_balanced,size_holdout,Mid-Cap,XGBoost,7.0584167548097145,5.893083336396651,0.07303515461110721,0.14501379034870032
0,diversified,max_balanced,size_holdout,Mid-Cap,MLP,11.665808313103586,8.730099636893362,-1.5320853581231733,6.933146360664086e-05
0,diversified,max_balanced,size_holdout,Small-Cap,Ridge,8.492744730067876,6.367979660023099,0.03815560686276409,-4.2730214010328155e-05
0,diversified,max_balanced,size_holdout,Small-Cap,RandomForest,8.303687937438621,5.947016363636362,0.08050215509718683,0.015061532311119777
0,diversified,max_balanced,size_holdout,Small-Cap,XGBoost,8.707306674189185,6.706484834497626,-0.011058671022854849,0.049335298327758695
0,diversified,max_balanced,size_holdout,Small-Cap,MLP,11.120049525795157,8.597504870071692,-0.6490055587802914,-0.00026866969875211555
0,diversified,median_balanced,within_sample,within_sample,Ridge,6.543860885982096,5.351672874639218,0.2174282421516629,0.00046983935180380137
0,diversified,median_balanced,within_sample,within_sample,RandomForest,5.467171934026219,3.174994477751549,0.45376249195301244,0.15319000481373157
0,diversified,median_balanced,within_sample,within_sample,XGBoost,4.828152826063201,2.7720416793823235,0.5739916898014286,0.23943642537803989
0,diversified,median_balanced,within_sample,within_sample,MLP,6.4708072605626885,3.7834305071421994,0.23480348672497442,0.0006107853435755419
0,diversified,median_balanced,region_holdout,east_asia_n_pacific,Ridge,11.027091142629038,8.787833314707344,-1.0849235549156329,-0.0001583134381711459
0,diversified,median_balanced,region_holdout,east_asia_n_pacific,RandomForest,9.856344115083099,8.313538666666659,-0.6657120320332837,0.027521984108858095
0,diversified,median_balanced,region_holdout,east_asia_n_pacific,XGBoost,9.000188489338482,7.350690351359049,-0.38890140527136796,0.0619496524092019
0,diversified,median_balanced,region_holdout,east_asia_n_pacific,MLP,28.109508615904577,16.187958605970852,-12.547985246696037,0.0011272118869130412
0,diversified,median_balanced,region_holdout,europe_n_central_asia,Ridge,7.336221969154882,5.9755860263873934,0.041685158977079695,-0.0005107024325981039
0,diversified,median_balanced,region_holdout,europe_n_central_asia,RandomForest,7.203315144172625,5.657761333333336,0.07609329538547827,-0.0012303396266929072
0,diversified,median_balanced,region_holdout,europe_n_central_asia,XGBoost,7.445693478412569,6.129748341878256,0.012871719252268154,-0.00196695511287422
0,diversified,median_balanced,region_holdout,europe_n_central_asia,MLP,10.397870122706264,7.7183982519349605,-0.9250945503564494,-0.0009216138498422766
0,diversified,median_balanced,region_holdout,latin_america_n_caribbean,Ridge,8.716354641379157,7.0523575953472575,-0.012179267568506846,0.00010694704547233604
0,diversified,median_balanced,region_holdout,latin_america_n_caribbean,RandomForest,6.5792179611878066,5.628085829304548,0.4233182576976178,0.01122608645680237
0,diversified,median_balanced,region_holdout,latin_america_n_caribbean,XGBoost,7.917949944779219,6.9877553741455065,0.1647563987315901,0.0013808628662007575
0,diversified,median_balanced,region_holdout,latin_america_n_caribbean,MLP,9.520888876640964,8.434317594983447,-0.20765433871622996,1.5220965151433548e-05
0,diversified,median_balanced,region_holdout,north_america,Ridge,7.280100423253693,5.61651331387502,0.026907732656954675,0.0001464249953227554
0,diversified,median_balanced,region_holdout,north_america,RandomForest,7.404508871950984,5.5371538307268,-0.006634467945562994,-0.009977332920156042
0,diversified,median_balanced,region_holdout,north_america,XGBoost,7.406483228281737,5.4902054163614915,-0.0071713624618268135,0.027958111887227653
0,diversified,median_balanced,region_holdout,north_america,MLP,10.547000396066995,7.942736211643455,-1.0423830892324757,-0.0008969306296684701
0,diversified,median_balanced,region_holdout,south_asia,Ridge,7.71764409483117,6.067023910839445,-0.3405497084851763,0.0003538298538089151
0,diversified,median_balanced,region_holdout,south_asia,RandomForest,8.43166364556841,7.079699999999998,-0.6000736585797823,-0.020665034966853162
0,diversified,median_balanced,region_holdout,south_asia,XGBoost,7.917049595613229,6.730898522949218,-0.41071784460195326,0.03324604875552415
0,diversified,median_balanced,region_holdout,south_asia,MLP,10.510198456380483,8.945267173897902,-1.4861954193018656,-0.0005030571546085826
0,diversified,median_balanced,region_holdout,sub_saharan_africa,Ridge,9.799157871646504,8.09497679408109,0.04427708404525521,-0.00011777881906478144
0,diversified,median_balanced,region_holdout,sub_saharan_africa,RandomForest,9.186422661234609,7.788188986666669,0.1600617932520032,0.009276174018148807
0,diversified,median_balanced,region_holdout,sub_saharan_africa,XGBoost,9.630138221690379,8.242122517903645,0.07696210405135284,0.013986629771965197
0,diversified,median_balanced,region_holdout,sub_saharan_africa,MLP,15.169374521800155,12.226784053065083,-1.2902866322495026,0.00011532616067588942
0,diversified,median_balanced,size_holdout,Large-Cap,Ridge,8.72129207556753,7.261732093184625,-0.04274690251077873,-1.2111552225938009e-05
0,diversified,median_balanced,size_holdout,Large-Cap,RandomForest,8.300126043915029,6.86226653559622,0.05553336336578729,0.0393991811263198
0,diversified,median_balanced,size_holdout,Large-Cap,XGBoost,8.208759351758657,6.988269090779621,0.07621204755721567,0.011694257047381673
0,diversified,median_balanced,size_holdout,Large-Cap,MLP,12.3231021469277,9.257210184562915,-1.0818879081406707,-0.00010010908366315061
0,diversified,median_balanced,size_holdout,Mid-Cap,Ridge,7.291099601187417,5.995352964038854,0.020555809242318257,-0.0003101774600166875
0,diversified,median_balanced,size_holdout,Mid-Cap,RandomForest,6.824984815317909,5.543500000000001,0.14178320040061565,0.03894220012510217
0,diversified,median_balanced,size_holdout,Mid-Cap,XGBoost,6.711786760377439,5.3690175494384755,0.1700155938471517,0.1448437411780394
0,diversified,median_balanced,size_holdout,Mid-Cap,MLP,9.942115767580045,7.140540524265664,-0.8211732571139192,-0.00042676172534972305
0,diversified,median_balanced,size_holdout,Small-Cap,Ridge,9.5336325723781,7.213625598256413,-0.13575259704066434,5.095715023210061e-05
0,diversified,median_balanced,size_holdout,Small-Cap,RandomForest,9.139970242116078,6.719996655465616,-0.043894193270842985,-0.015992319064625383
0,diversified,median_balanced,size_holdout,Small-Cap,XGBoost,9.100020342995599,6.633418926086427,-0.034788621641935524,-0.027391705632262574
0,diversified,median_balanced,size_holdout,Small-Cap,MLP,11.480168732969394,8.98138721732387,-0.6468857085761754,0.0006416112473991914
1,baselines,full,within_sample,within_sample,Ridge,7.610811821310679,5.862181601787832,0.04032800057931085,0.00018811590995823976
1,baselines,full,within_sample,within_sample,RandomForest,7.205587270532044,5.52836232876712,0.13979963923687944,0.02679616574960092
1,baselines,full,within_sample,within_sample,XGBoost,7.209910249966962,5.483286863353154,0.13876717822512774,0.03331089885989175
1,baselines,full,within_sample,within_sample,MLP,9.809792560674188,7.102203926415886,-0.5943383878260542,0.0008215771109453794
1,baselines,full,region_holdout,east_asia_n_pacific,Ridge,8.262882045589885,6.6429762837069,-0.20328268842226116,5.4193444101570325e-05
1,baselines,full,region_holdout,east_asia_n_pacific,RandomForest,8.309126335253204,6.561478571428567,-0.216789032813117,0.038940898327382886
1,baselines,full,region_holdout,east_asia_n_pacific,XGBoost,7.501976756438869,5.842578533112055,0.008127177387121987,0.029574396964936807
1,baselines,full,region_holdout,east_asia_n_pacific,MLP,8.609604941266692,6.687329248901684,-0.30638447362704646,0.0006084141118769596
1,baselines,full,region_holdout,europe_n_central_asia,Ridge,7.156981212593334,5.846339346077507,0.10742043909531529,-1.5059785736547525e-05
1,baselines,full,region_holdout,europe_n_central_asia,RandomForest,5.999606932400474,4.6044613951310875,0.3727613954554162,0.0874787733141463
1,baselines,full,region_holdout,europe_n_central_asia,XGBoost,6.5554758152570844,5.253178118587879,0.2511486407400574,0.05100890098232883
1,baselines,full,region_holdout,europe_n_central_asia,MLP,9.222501042962474,7.048922554795197,-0.4821242374485899,0.000255751118701013
1,baselines,full,region_holdout,latin_america_n_caribbean,Ridge,6.6688736671741085,5.372236810484087,0.07042644968471479,3.773637380062372e-06
1,baselines,full,region_holdout,latin_america_n_caribbean,RandomForest,5.809410335627664,4.272217666454407,0.29458793499469094,0.019680148987585144
1,baselines,full,region_holdout,latin_america_n_caribbean,XGBoost,6.016407774733284,4.555089367457798,0.2434227033410058,0.039034569770121944
1,baselines,full,region_holdout,latin_america_n_caribbean,MLP,11.850337641520223,7.892054141887456,-1.9352170823262345,0.000652431502478852
1,baselines,full,region_holdout,north_america,Ridge,7.421927096575092,5.762170888628434,-0.024117523840153865,-4.036491387485678e-05
1,baselines,full,region_holdout,north_america,RandomForest,6.620111794492518,4.894673684210527,0.18520739960228694,0.22646668929230812
1,baselines,full,region_holdout,north_america,XGBoost,6.8112291989286655,5.180861827114173,0.13748348685622647,0.1262987327984347
1,baselines,full,region_holdout,north_america,MLP,8.508427383283323,6.534774379839413,-0.345906909278223,7.637870309280439e-05
1,baselines,full,region_holdout,south_asia,Ridge,10.34984105827723,8.59469648478129,-0.5808474413173941,2.518136314160192e-05
1,baselines,full,region_holdout,south_asia,RandomForest,9.34495296176324,7.275645945945948,-0.28877421726764596,0.012946549924834742
1,baselines,full,region_holdout,south_asia,XGBoost,10.364921336564946,8.19456258206754,-0.5854575579401795,-0.0031123492255160506
1,baselines,full,region_holdout,south_asia,MLP,15.641658251276652,12.645517901264531,-2.6106732264960533,-4.447160736296652e-05
1,baselines,full,region_holdout,sub_saharan_africa,Ridge,9.299250887994226,7.289396555898128,0.055582037790937955,-0.00011480390563078508
1,baselines,full,region_holdout,sub_saharan_africa,RandomForest,9.131016505894674,7.253765789473686,0.08944420129153796,0.009670962697371464
1,baselines,full,region_holdout,sub_saharan_africa,XGBoost,9.298603231733537,7.686230854235198,0.05571358320540265,0.005268456569483767
1,baselines,full,region_holdout,sub_saharan_africa,MLP,11.528697609910216,8.115166495928733,-0.4515393206706435,0.0005092591681397036
1,baselines,full,size_holdout,Large-Cap,Ridge,8.121310057679606,6.478802747426576,0.035039768152053896,-5.2216737317131005e-05
1,baselines,full,size_holdout,Large-Cap,RandomForest,7.095355504074453,5.419873038374976,0.2634443709971499,0.06985978722935655
1,baselines,full,size_holdout,Large-Cap,XGBoost,7.135926398146917,5.397413586979419,0.25499711156134464,0.09088695877641992
1,baselines,full,size_holdout,Large-Cap,MLP,10.611935923814473,8.596547140621299,-0.6475798452324064,-4.9338351516334406e-05
1,baselines,full,size_holdout,Mid-Cap,Ridge,7.331279608098715,5.825014885328841,0.08733104801020353,0.0001523203099632918
1,baselines,full,size_holdout,Mid-Cap,RandomForest,6.658646704423167,5.319639934782608,0.24712018270818403,0.14060843217193636
1,baselines,full,size_holdout,Mid-Cap,XGBoost,7.1663839870272295,5.618230566605278,0.12792495484478317,0.08508124832543804
1,baselines,full,size_holdout,Mid-Cap,MLP,10.979238923610717,7.48223722189784,-1.0469073328670935,-0.0006399073390467028
1,baselines,full,size_holdout,Small-Cap,Ridge,7.721668440092789,5.957009789619606,0.02776222155958541,1.8763153832528865e-06
1,baselines,full,size_holdout,Small-Cap,RandomForest,7.0664146259360825,5.174594469489909,0.18576751340137787,0.027205654669950934
1,baselines,full,size_holdout,Small-Cap,XGBoost,7.127916467888172,5.311471714692957,0.17153265184923072,0.023192650836814186
1,baselines,full,size_holdout,Small-Cap,MLP,11.78053423219854,8.49043162195474,-1.262977128311384,-0.000150845458326106
1,baselines,constrained,within_sample,within_sample,Ridge,6.722312868742233,5.256173753180648,0.024824284220632653,6.407030858384302e-05
1,baselines,constrained,within_sample,within_sample,RandomForest,6.456855619578789,5.043919374762063,0.10032099567879726,0.013395221797132113
1,baselines,constrained,within_sample,within_sample,XGBoost,6.474885361809908,5.010907850594356,0.09528955971378839,0.014836190560236228
1,baselines,constrained,within_sample,within_sample,MLP,12.84824550669447,10.599249429871744,-2.5623213031187837,5.955699204999714e-05
1,baselines,constrained,region_holdout,europe_n_central_asia,Ridge,7.074343467715253,5.761851787536082,0.1329027699871297,-4.9544954644618095e-05
1,baselines,constrained,region_holdout,europe_n_central_asia,RandomForest,6.568561968387408,5.098027272727274,0.252457103923985,0.026794165588725532
1,baselines,constrained,region_holdout,europe_n_central_asia,XGBoost,6.66501487783475,5.222061929876154,0.2303420454557057,0.026800441659580076
1,baselines,constrained,region_holdout,europe_n_central_asia,MLP,10.75806727932232,8.29480416253441,-1.0052292352338217,-0.00014996603804104863
1,baselines,constrained,region_holdout,north_america,Ridge,9.598347580105786,6.979370254755201,-0.9628025527332242,5.8920577551695805e-05
1,baselines,constrained,region_holdout,north_america,RandomForest,7.061800798466595,5.0608742659766754,-0.06246490617322964,0.10916185567062331
1,baselines,constrained,region_holdout,north_america,XGBoost,6.643835988815682,4.816950388502801,0.05958082823708877,0.1504499637795333
1,baselines,constrained,region_holdout,north_america,MLP,12.986248963118026,9.791560319400132,-2.592949538834233,0.000933725070476012
1,baselines,constrained,size_holdout,Large-Cap,Ridge,6.184252769297483,4.979709335359696,0.029936495093335402,-3.9269799665810376e-05
1,baselines,constrained,size_holdout,Large-Cap,RandomForest,6.088015416487823,4.635554098360654,0.05989321145837667,0.14232044657485693
1,baselines,constrained,size_holdout,Large-Cap,XGBoost,5.827404060203749,4.50568691191126,0.13865732221687277,0.10567430350579876
1,baselines,constrained,size_holdout,Large-Cap,MLP,12.027216241523783,10.125510508435049,-2.669069518321723,-0.0005175609639698003
1,baselines,constrained,size_holdout,Mid-Cap,Ridge,7.468265568922323,5.865655382629833,0.07343984867568887,2.7657656470646585e-06
1,baselines,constrained,size_holdout,Mid-Cap,RandomForest,6.852838696488304,5.240073761707911,0.21985535544901302,0.01770953131592242
1,baselines,constrained,size_holdout,Mid-Cap,XGBoost,7.020972114107792,5.587091058801721,0.18110426557325432,0.023014761966442445
1,baselines,constrained,size_holdout,Mid-Cap,MLP,11.777383521613508,8.489414977812324,-1.3042614182009373,-3.0355963916459766e-05
1,diversified,max_balanced,within_sample,within_sample,Ridge,7.033928575056053,5.628208061529089,0.351501056473855,-0.0007009654094710983
1,diversified,max_balanced,within_sample,within_sample,RandomForest,3.411655401394569,1.9457558312083205,0.8474389456917698,0.9648097580684224
1,diversified,max_balanced,within_sample,within_sample,XGBoost,3.156296110994213,1.6864487811690525,0.8694223509286962,1.1719968959055145
1,diversified,max_balanced,within_sample,within_sample,MLP,6.848182268162515,2.032789602091065,0.3852989053916296,0.002719702037923879
1,diversified,max_balanced,region_holdout,east_asia_n_pacific,Ridge,10.020769249752114,7.340199315401805,-0.7257054002320147,0.00048157851854761167
1,diversified,max_balanced,region_holdout,east_asia_n_pacific,RandomForest,8.451412695001506,6.93023073671154,-0.22750467195590263,0.0012590751073258688
1,diversified,max_balanced,region_holdout,east_asia_n_pacific,XGBoost,8.11268851778838,6.601264970952813,-0.13108212324896784,0.07764822562665387
1,diversified,max_balanced,region_holdout,east_asia_n_pacific,MLP,16.00817534955698,10.262773452313814,-3.4040090264676435,-0.0006939048548337272
1,diversified,max_balanced,region_holdout,europe_n_central_asia,Ridge,6.8009744595857295,5.233800526405323,0.08253757297049424,-0.0002318428851285774
1,diversified,max_balanced,region_holdout,europe_n_central_asia,RandomForest,5.738982456077199,4.365963937185715,0.34669528283097006,0.12854057268429245
1,diversified,max_balanced,region_holdout,europe_n_central_asia,XGBoost,5.243602147494314,3.9887051729722454,0.4546121418891764,0.11778923251302698
1,diversified,max_balanced,region_holdout,europe_n_central_asia,MLP,9.337692816779048,7.726213086669972,-0.7295183147946964,0.00045481766801563195
1,diversified,max_balanced,region_holdout,latin_america_n_caribbean,Ridge,7.553688669032301,6.410895687319277,0.1827774493568729,0.00011146874553628094
1,diversified,max_balanced,region_holdout,latin_america_n_caribbean,RandomForest,5.383635446215082,4.207863030303037,0.5848801815430575,0.01958585134380935
1,diversified,max_balanced,region_holdout,latin_america_n_caribbean,XGBoost,4.761401318686206,3.870614015839316,0.6752929218227486,0.0802223845760187
1,diversified,max_balanced,region_holdout,latin_america_n_caribbean,MLP,12.025121218672199,8.330095733629134,-1.0711001775153677,-3.7882171052460974e-05
1,diversified,max_balanced,region_holdout,north_america,Ridge,8.088669507935183,6.3596281856412595,-0.029650041353866063,-2.219537509610288e-05
1,diversified,max_balanced,region_holdout,north_america,RandomForest,7.398049954868099,5.431829679542861,0.13866919823629031,0.21268844195316242
1,diversified,max_balanced,region_holdout,north_america,XGBoost,7.361678000337305,5.486060543638287,0.14711771463560908,0.19696656118345768
1,diversified,max_balanced,region_holdout,north_america,MLP,12.066881776140068,8.971009306116729,-1.2915301447083714,0.0006908160166844067
1,diversified,max_balanced,region_holdout,south_asia,Ridge,8.082866992541996,6.238865580457001,-0.33145338732064067,-0.0004944831522512419
1,diversified,max_balanced,region_holdout,south_asia,RandomForest,8.563637461820765,6.832904545454547,-0.494554129532244,-0.018150503132271824
1,diversified,max_balanced,region_holdout,south_asia,XGBoost,8.513088926134884,7.201908743598244,-0.476962409631978,-0.006835723632219887
1,diversified,max_balanced,region_holdout,south_asia,MLP,10.495514636565563,8.40560114034629,-1.2449288410497608,-0.00036114118578869285
1,diversified,max_balanced,region_holdout,sub_saharan_africa,Ridge,9.205195022622163,7.7934356136900425,0.042323492744517965,-3.528327633680081e-05
1,diversified,max_balanced,region_holdout,sub_saharan_africa,RandomForest,8.975588860705871,7.383293032845773,0.08950252076091547,0.0008154856517828797
1,diversified,max_balanced,region_holdout,sub_saharan_africa,XGBoost,9.048649385664786,7.531787526101777,0.07461944975775237,0.0006524308659199183
1,diversified,max_balanced,region_holdout,sub_saharan_africa,MLP,13.288163654576715,9.55476955812838,-0.9956426746682505,-0.00024785707506326624
1,diversified,max_balanced,size_holdout,Large-Cap,Ridge,8.673308274363578,7.076641762475544,0.02264764909771233,-0.00020087760930752267
1,diversified,max_balanced,size_holdout,Large-Cap,RandomForest,8.079961817374343,6.7734590909090935,0.15179620072666777,0.0350621159749647
1,diversified,max_balanced,size_holdout,Large-Cap,XGBoost,8.176192669658262,6.3561233030666004,0.13147198731459564,0.07342939550549418
1,diversified,max_balanced,size_holdout,Large-Cap,MLP,12.88326171281583,10.557971992716185,-1.1564195223048017,0.0003246100046972422
1,diversified,max_balanced,size_holdout,Mid-Cap,Ridge,7.543114925978273,6.086506835027605,-0.058644435495794456,4.0712615198893346e-05
1,diversified,max_balanced,size_holdout,Mid-Cap,RandomForest,6.805938375098349,5.516755454545455,0.13816387393833085,0.06656941336072661
1,diversified,max_balanced,size_holdout,Mid-Cap,XGBoost,7.164575051142066,6.040911558671431,0.04494244888879617,0.03666147014062965
1,diversified,max_balanced,size_holdout,Mid-Cap,MLP,11.01932985082159,7.964484460777447,-1.259222666244065,-0.0002809146768496323
1,diversified,max_balanced,size_holdout,Small-Cap,Ridge,8.492744730067876,6.367979660023099,0.03815560686276409,-9.133447013081575e-05
1,diversified,max_balanced,size_holdout,Small-Cap,RandomForest,8.37761865266559,6.009672150832086,0.06405602774894326,0.0054526536686506305
1,diversified,max_balanced,size_holdout,Small-Cap,XGBoost,7.885047754516232,5.851111210736361,0.17088011227779398,0.07311842125750398
1,diversified,max_balanced,size_holdout,Small-Cap,MLP,11.484009097090986,8.851132969798403,-0.7587160719433119,-0.00023102476041956272
1,diversified,median_balanced,within_sample,within_sample,Ridge,6.543860885982096,5.351672874639218,0.2174282421516629,5.975855029779655e-05
1,diversified,median_balanced,within_sample,within_sample,RandomForest,5.720092853620124,3.223025291666672,0.4020536604614823,0.19176980759359963
1,diversified,median_balanced,within_sample,within_sample,XGBoost,5.147525592245117,3.0290779309272766,0.51576844909837,0.37681272065183147
1,diversified,median_balanced,within_sample,within_sample,MLP,7.871144953588696,3.7768564333956887,-0.1322227445275188,-0.0006029979722719422
1,diversified,median_balanced,region_holdout,east_asia_n_pacific,Ridge,11.027091142629038,8.787833314707344,-1.0849235549156329,-7.5364119879288e-05
1,diversified,median_balanced,region_holdout,east_asia_n_pacific,RandomForest,9.695909803786675,8.010200666666663,-0.6119268936321742,0.02939991573697237
1,diversified,median_balanced,region_holdout,east_asia_n_pacific,XGBoost,8.670854581840999,6.850915479024252,-0.28911604262593404,0.05425906006001931
1,diversified,median_balanced,region_holdout,east_asia_n_pacific,MLP,11.998617930974458,8.97721823928756,-1.4684859313902505,-0.00021241256552265148
1,diversified,median_balanced,region_holdout,europe_n_central_asia,Ridge,7.336221969154882,5.9755860263873934,0.041685158977079695,0.00040954421498769114
1,diversified,median_balanced,region_holdout,europe_n_central_asia,RandomForest,6.853145184550913,5.33681066666667,0.16373647903860888,0.00587930307616909
1,diversified,median_balanced,region_holdout,europe_n_central_asia,XGBoost,7.444720386019876,6.138043397013346,0.013129721882699119,0.005832695608944059
1,diversified,median_balanced,region_holdout,europe_n_central_asia,MLP,10.799068376084895,8.233860380790295,-1.0765188107342398,0.00045955325760227184
1,diversified,median_balanced,region_holdout,latin_america_n_caribbean,Ridge,8.716354641379157,7.0523575953472575,-0.012179267568506846,0.00043378268245873104
1,diversified,median_balanced,region_holdout,latin_america_n_caribbean,RandomForest,6.350554376411193,5.536467127236404,0.46270731065910264,0.0020653292050921914
1,diversified,median_balanced,region_holdout,latin_america_n_caribbean,XGBoost,6.567134256927043,5.623634556579588,0.4254346345597262,0.032365592845084674
1,diversified,median_balanced,region_holdout,latin_america_n_caribbean,MLP,8.530760967552942,7.5097499971006645,0.03046565169909521,0.0007115791871855784
1,diversified,median_balanced,region_holdout,north_america,Ridge,7.280100423253693,5.61651331387502,0.026907732656954675,-0.0001845454194343788
1,diversified,median_balanced,region_holdout,north_america,RandomForest,7.365918452621279,5.390573333333333,0.0038308358294337763,0.07988395102209542
1,diversified,median_balanced,region_holdout,north_america,XGBoost,7.406483228281737,5.4902054163614915,-0.0071713624618268135,0.027299112803109864
1,diversified,median_balanced,region_holdout,north_america,MLP,10.083270463705325,7.652121006314553,-0.866732609441565,-7.059626066212674e-05
1,diversified,median_balanced,region_holdout,south_asia,Ridge,7.71764409483117,6.067023910839445,-0.3405497084851763,9.845791437581986e-05
1,diversified,median_balanced,region_holdout,south_asia,RandomForest,8.116565078624694,6.783690999999992,-0.4827160174218452,-0.004414713441146408
1,diversified,median_balanced,region_holdout,south_asia,XGBoost,7.917049595613229,6.730898522949218,-0.41071784460195326,0.028236137352956547
1,diversified,median_balanced,region_holdout,south_asia,MLP,10.248548212373004,9.292874314603782,-1.36394912533342,0.000624211513087933
1,diversified,median_balanced,region_holdout,sub_saharan_africa,Ridge,9.799157871646504,8.09497679408109,0.04427708404525521,-2.9912763361560663e-05
1,diversified,median_balanced,region_holdout,sub_saharan_africa,RandomForest,9.795334342966436,8.123151232917833,0.04502276466502064,0.001661117307636532
1,diversified,median_balanced,region_holdout,sub_saharan_africa,XGBoost,9.610237986537976,8.148797322591147,0.08077299269217975,0.00772214031809213
1,diversified,median_balanced,region_holdout,sub_saharan_africa,MLP,12.627123586067372,8.717723174744403,-0.5869503980027815,-0.00025286151948697774
1,diversified,median_balanced,size_holdout,Large-Cap,Ridge,8.72129207556753,7.261732093184625,-0.04274690251077873,-0.0002832791773941648
1,diversified,median_balanced,size_holdout,Large-Cap,RandomForest,8.278398331392367,6.896044666666664,0.060471659443276704,0.03850803697545342
1,diversified,median_balanced,size_holdout,Large-Cap,XGBoost,8.345619620270249,7.109293021647134,0.045151613052109574,0.009181493281594809
1,diversified,median_balanced,size_holdout,Large-Cap,MLP,13.520354330853547,10.7503322557863,-1.5060711262264874,0.0005741196169675329
1,diversified,median_balanced,size_holdout,Mid-Cap,Ridge,7.291099601187417,5.995352964038854,0.020555809242318257,0.0003779971199792495
1,diversified,median_balanced,size_holdout,Mid-Cap,RandomForest,6.555276374446452,5.275157600006621,0.20827265374081982,0.09163456330976268
1,diversified,median_balanced,size_holdout,Mid-Cap,XGBoost,6.79910978921685,5.62225710418701,0.14827824413716395,0.0939616409007118
1,diversified,median_balanced,size_holdout,Mid-Cap,MLP,10.659756463185182,7.7362698746275855,-1.09357343106453,0.0006837565951587873
1,diversified,median_balanced,size_holdout,Small-Cap,Ridge,9.5336325723781,7.213625598256413,-0.13575259704066434,-0.0002170951852254703
1,diversified,median_balanced,size_holdout,Small-Cap,RandomForest,8.91873157896803,6.582705887436662,0.006030392590862466,-0.010815426630034156
1,diversified,median_balanced,size_holdout,Small-Cap,XGBoost,9.100020342995599,6.633418926086427,-0.034788621641935524,-0.005500152976341181
1,diversified,median_balanced,size_holdout,Small-Cap,MLP,11.744653409061188,8.62557443916698,-0.7236430333267774,0.00011847246267819053
2,baselines,full,within_sample,within_sample,Ridge,7.610811821310679,5.862181601787832,0.04032800057931085,-0.00011417828075076238
2,baselines,full,within_sample,within_sample,RandomForest,7.087624536220746,5.351115068493149,0.16773379274915157,0.052359809521912826
2,baselines,full,within_sample,within_sample,XGBoost,7.187358082057112,5.4993769376571855,0.14414652139676454,0.01714365778375377
2,baselines,full,within_sample,within_sample,MLP,12.238901507249139,8.352090522135061,-1.4816797385615286,-0.0005666548305688094
2,baselines,full,region_holdout,east_asia_n_pacific,Ridge,8.262882045589885,6.6429762837069,-0.20328268842226116,-0.00012544659817367246
2,baselines,full,region_holdout,east_asia_n_pacific,RandomForest,8.247601508201956,6.477726984126981,-0.19883634520723992,0.05601451150818171
2,baselines,full,region_holdout,east_asia_n_pacific,XGBoost,7.488804447262231,5.839607411944676,0.011607269534755993,0.03061232313366353
2,baselines,full,region_holdout,east_asia_n_pacific,MLP,10.541950857889104,8.433849079566505,-0.9586035486410425,-0.0011960473482130543
2,baselines,full,region_holdout,europe_n_central_asia,Ridge,7.156981212593334,5.846339346077507,0.10742043909531529,-4.639700754511832e-05
2,baselines,full,region_holdout,europe_n_central_asia,RandomForest,5.994259146754922,4.605064606741572,0.3738790828936166,0.0837985552573709
2,baselines,full,region_holdout,europe_n_central_asia,XGBoost,6.5424771512932285,5.212425010766875,0.2541154479563099,0.056125453836688585
2,baselines,full,region_holdout,europe_n_central_asia,MLP,8.383237902593843,6.153193219720921,-0.22464655519182997,-0.0011158688212346292
2,baselines,full,region_holdout,latin_america_n_caribbean,Ridge,6.6688736671741085,5.372236810484087,0.07042644968471479,0.000223058060459653
2,baselines,full,region_holdout,latin_america_n_caribbean,RandomForest,5.791564392288314,4.3001782738095224,0.2989151927777741,0.015369349103246333
2,baselines,full,region_holdout,latin_america_n_caribbean,XGBoost,5.979124102441388,4.666282219659713,0.25277066599070874,0.01714064350863482
2,baselines,full,region_holdout,latin_america_n_caribbean,MLP,12.944807586571711,8.585253849292949,-2.502434128111718,8.562018009143256e-06
2,baselines,full,region_holdout,north_america,Ridge,7.421927096575092,5.762170888628434,-0.024117523840153865,-7.664603337467597e-05
2,baselines,full,region_holdout,north_america,RandomForest,6.636845906631322,5.011291086153584,0.18108297874091983,0.2063297637582989
2,baselines,full,region_holdout,north_america,XGBoost,6.653050643189371,4.923989196911193,0.1770791084033131,0.16675976567283288
2,baselines,full,region_holdout,north_america,MLP,11.36722645425446,7.3949328584542675,-1.4022901093631415,-0.00027933827254208933
2,baselines,full,region_holdout,south_asia,Ridge,10.34984105827723,8.59469648478129,-0.5808474413173941,7.175480766447232e-06
2,baselines,full,region_holdout,south_asia,RandomForest,9.364480905055478,7.398395945945944,-0.29416609147250616,-0.0045763789315287715
2,baselines,full,region_holdout,south_asia,XGBoost,10.364921336564946,8.19456258206754,-0.5854575579401795,-0.00639528415501653
2,baselines,full,region_holdout,south_asia,MLP,13.551714944544445,11.529800507984302,-1.7102609985596402,0.00022816987202422252
2,baselines,full,region_holdout,sub_saharan_africa,Ridge,9.299250887994226,7.289396555898128,0.055582037790937955,0.0001412795659779976
2,baselines,full,region_holdout,sub_saharan_africa,RandomForest,9.444826311816099,7.612878421052633,0.025781751510217665,0.0016161149810320023
2,baselines,full,region_holdout,sub_saharan_africa,XGBoost,9.363174781521595,7.735800335532741,0.042553381737076124,0.0003776707419000748
2,baselines,full,region_holdout,sub_saharan_africa,MLP,8.62474755474107,7.069908853676989,0.18761650170557298,0.00023190071841071338
2,baselines,full,size_holdout,Large-Cap,Ridge,8.121310057679606,6.478802747426576,0.035039768152053896,0.0003564242915128395
2,baselines,full,size_holdout,Large-Cap,RandomForest,6.926447848110303,5.271468606865111,0.29809494551100135,0.10338801522041252
2,baselines,full,size_holdout,Large-Cap,XGBoost,6.726937354742159,4.749008556467242,0.33794815649440546,0.1419744664845557
2,baselines,full,size_holdout,Large-Cap,MLP,10.515111291650829,8.436076864472401,-0.6176515560701459,0.00027543946650700435
2,baselines,full,size_holdout,Mid-Cap,Ridge,7.331279608098715,5.825014885328841,0.08733104801020353,-0.0001300614839607669
2,baselines,full,size_holdout,Mid-Cap,RandomForest,6.953405825111579,5.494370434782608,0.17898921172584425,0.10430761169189187
2,baselines,full,size_holdout,Mid-Cap,XGBoost,7.1663839870272295,5.618230566605278,0.12792495484478317,0.11146660975602289
2,baselines,full,size_holdout,Mid-Cap,MLP,9.0902100719522,7.007375379644398,-0.403141756913979,-0.0005497355248769884
2,baselines,full,size_holdout,Small-Cap,Ridge,7.721668440092789,5.957009789619606,0.02776222155958541,5.719304872934916e-05
2,baselines,full,size_holdout,Small-Cap,RandomForest,7.0325324842457135,5.167663602941178,0.19355698017319023,0.0223069208733113
2,baselines,full,size_holdout,Small-Cap,XGBoost,7.108413444294243,5.320874393407037,0.1760600655767337,0.03379353224911484
2,baselines,full,size_holdout,Small-Cap,MLP,10.063661208669263,7.527760244028989,-0.6514377551660866,-0.00011678500586317771
2,baselines,constrained,within_sample,within_sample,Ridge,6.722312868742233,5.256173753180648,0.024824284220632653,5.295050241700571e-05
2,baselines,constrained,within_sample,within_sample,RandomForest,6.439975338227841,5.104312068965521,0.1050189427897752,0.003182514325086104
2,baselines,constrained,within_sample,within_sample,XGBoost,6.2606553328813455,5.041080951032967,0.15416622027669835,0.011370620175164855
2,baselines,constrained,within_sample,within_sample,MLP,7.369608305089852,6.1392411185074405,-0.17201790439225073,0.0002013365351687841
2,baselines,constrained,region_holdout,europe_n_central_asia,Ridge,7.074343467715253,5.761851787536082,0.1329027699871297,8.01902813091583e-05
2,baselines,constrained,region_holdout,europe_n_central_asia,RandomForest,6.51458583803229,4.974107272727268,0.26469225988594103,0.03193681620071594
2,baselines,constrained,region_holdout,europe_n_central_asia,XGBoost,7.014649171059456,5.621656613436611,0.14747440543592316,0.01666354372323114
2,baselines,constrained,region_holdout,europe_n_central_asia,MLP,10.345487114521449,8.096582855196777,-0.8543743186879642,0.00038325131384383745
2,baselines,constrained,region_holdout,north_america,Ridge,9.598347580105786,6.979370254755201,-0.9628025527332242,-0.00015785892854190803
2,baselines,constrained,region_holdout,north_america,RandomForest,7.13195229579207,5.031486988232075,-0.08367867637072113,0.11281802071530356
2,baselines,constrained,region_holdout,north_america,XGBoost,7.286052920430776,4.977963776862484,-0.13101486054563471,0.1514080567604227
2,baselines,constrained,region_holdout,north_america,MLP,9.511746867477678,7.399901868141882,-0.9275437169746359,-0.0005843227905008529
2,baselines,constrained,size_holdout,Large-Cap,Ridge,6.184252769297483,4.979709335359696,0.029936495093335402,-0.0002506746107549728
2,baselines,constrained,size_holdout,Large-Cap,RandomForest,6.065605229775803,4.604620491803277,0.06680160155795789,0.13938011376023446
2,baselines,constrained,size_holdout,Large-Cap,XGBoost,5.882809319281428,4.52116226321361,0.12220066964901366,0.0803959227480669
2,baselines,constrained,size_holdout,Large-Cap,MLP,8.67586675261875,6.713804052078962,-0.9092000997108811,0.00030720904915483403
2,baselines,constrained,size_holdout,Mid-Cap,Ridge,7.468265568922323,5.865655382629833,0.07343984867568887,5.574804975747073e-05
2,baselines,constrained,size_holdout,Mid-Cap,RandomForest,6.930265320051427,5.375825784342543,0.20212687685982256,0.02208909517890515
2,baselines,constrained,size_holdout,Mid-Cap,XGBoost,7.126558072635038,5.662443095077703,0.15628888678093888,0.01343396232037274
2,baselines,constrained,size_holdout,Mid-Cap,MLP,10.859876064156312,7.664681325548601,-0.9592229106892536,2.160220489031727e-05
2,diversified,max_balanced,within_sample,within_sample,Ridge,7.033928575056053,5.628208061529089,0.351501056473855,0.00044929131878430407
2,diversified,max_balanced,within_sample,within_sample,RandomForest,3.5345072330995944,2.0034953900709422,0.8362538437027585,0.9104743348602178
2,diversified,max_balanced,within_sample,within_sample,XGBoost,3.199220011620708,1.6833100612450995,0.8658466320257621,1.2257157556499436
2,diversified,max_balanced,within_sample,within_sample,MLP,3.960391926392132,1.6580889065812952,0.7944158172448437,0.0025031251357554387
2,diversified,max_balanced,region_holdout,east_asia_n_pacific,Ridge,10.020769249752114,7.340199315401805,-0.7257054002320147,-0.00018591942983935505
2,diversified,max_balanced,region_holdout,east_asia_n_pacific,RandomForest,8.625392280588407,6.913814015151514,-0.2785633357908477,-0.00922436229282122
2,diversified,max_balanced,region_holdout,east_asia_n_pacific,XGBoost,8.57482703690652,6.914030502781724,-0.2636164531728178,0.10543099158864103
2,diversified,max_balanced,region_holdout,east_asia_n_pacific,MLP,17.995776928156484,10.93988680105286,-4.565519862552693,0.00021726863995447698
2,diversified,max_balanced,region_holdout,europe_n_central_asia,Ridge,6.8009744595857295,5.233800526405323,0.08253757297049424,0.00032294372328119575
2,diversified,max_balanced,region_holdout,europe_n_central_asia,RandomForest,5.774515553598466,4.313451170125182,0.3385803233100274,0.11917303509874796
2,diversified,max_balanced,region_holdout,europe_n_central_asia,XGBoost,5.8066403333876,4.550236596194181,0.33120063419697754,0.09177158458321599
2,diversified,max_balanced,region_holdout,europe_n_central_asia,MLP,8.18471843251233,6.481157839847366,-0.3287812366052092,0.00019561310651073838
2,diversified,max_balanced,region_holdout,latin_america_n_caribbean,Ridge,7.553688669032301,6.410895687319277,0.1827774493568729,-0.00021866874870730578
2,diversified,max_balanced,region_holdout,latin_america_n_caribbean,RandomForest,6.19875301149932,4.950588739839147,0.44966029771104443,0.0022033314476152923
2,diversified,max_balanced,region_holdout,latin_america_n_caribbean,XGBoost,4.761401318686206,3.870614015839316,0.6752929218227486,0.06172339656964228
2,diversified,max_balanced,region_holdout,latin_america_n_caribbean,MLP,11.82801727088924,8.783914783367509,-1.0037617403970298,-3.5218392100552514e-05
2,diversified,max_balanced,region_holdout,north_america,Ridge,8.088669507935183,6.3596281856412595,-0.029650041353866063,0.00038793370859808703
2,diversified,max_balanced,region_holdout,north_america,RandomForest,7.434598423408768,5.525597405865798,0.13013773852183863,0.20085111418071952
2,diversified,max_balanced,region_holdout,north_america,XGBoost,7.536810220678572,5.316527257399127,0.10605537273779009,0.04297492191526927
2,diversified,max_balanced,region_holdout,north_america,MLP,15.81083894725168,9.6582841913142,-2.9340990386078687,8.805961719094672e-06
2,diversified,max_balanced,region_holdout,south_asia,Ridge,8.082866992541996,6.238865580457001,-0.33145338732064067,-0.00013334994478889542
2,diversified,max_balanced,region_holdout,south_asia,RandomForest,8.687221641577665,7.123058847203291,-0.5380020214831851,-0.01851832217045643
2,diversified,max_balanced,region_holdout,south_asia,XGBoost,8.623735546471687,6.9728870920701445,-0.5156047662102217,-0.014355987388353367
2,diversified,max_balanced,region_holdout,south_asia,MLP,9.720524479447864,7.921286115979166,-0.9256373403045679,0.0004097908385782792
2,diversified,max_balanced,region_holdout,sub_saharan_africa,Ridge,9.205195022622163,7.7934356136900425,0.042323492744517965,-0.00011774584959172402
2,diversified,max_balanced,region_holdout,sub_saharan_africa,RandomForest,9.039871639436099,7.469890530303033,0.07641393101186489,0.005214432330975094
2,diversified,max_balanced,region_holdout,sub_saharan_africa,XGBoost,9.065762712438932,7.585991296479196,0.0711158738383072,-0.00024048210197858403
2,diversified,max_balanced,region_holdout,sub_saharan_africa,MLP,8.601675763064314,6.918075189195597,0.16378302019657576,0.00013002709457722204
2,diversified,max_balanced,size_holdout,Large-Cap,Ridge,8.673308274363578,7.076641762475544,0.02264764909771233,0.0001145210045478628
2,diversified,max_balanced,size_holdout,Large-Cap,RandomForest,8.203609612968322,6.930022021076976,0.12563741152358832,0.057833663373766366
2,diversified,max_balanced,size_holdout,Large-Cap,XGBoost,8.371472918597945,7.05168061834393,0.08948867959485729,0.01976807449903723
2,diversified,max_balanced,size_holdout,Large-Cap,MLP,21.87328222702892,15.109310241241763,-5.215978586506133,0.000988699930353626
2,diversified,max_balanced,size_holdout,Mid-Cap,Ridge,7.543114925978273,6.086506835027605,-0.058644435495794456,0.000389554803180001
2,diversified,max_balanced,size_holdout,Mid-Cap,RandomForest,6.969525191727765,5.720974536658906,0.0962359659593981,0.05721270450977931
2,diversified,max_balanced,size_holdout,Mid-Cap,XGBoost,7.0584167548097145,5.893083336396651,0.07303515461110721,0.13686791822967398
2,diversified,max_balanced,size_holdout,Mid-Cap,MLP,8.195740037126926,6.610758288046877,-0.2497553907591734,0.0008314338761841938
2,diversified,max_balanced,size_holdout,Small-Cap,Ridge,8.492744730067876,6.367979660023099,0.03815560686276409,-0.00013322751243868678
2,diversified,max_balanced,size_holdout,Small-Cap,RandomForest,8.201387857763217,5.920247499999998,0.10301872185856864,0.017395671817568747
2,diversified,max_balanced,size_holdout,Small-Cap,XGBoost,8.212990081600216,6.2232777080535895,0.10047906907164594,0.05812359685595793
2,diversified,max_balanced,size_holdout,Small-Cap,MLP,9.165995981398103,6.653261410533211,-0.12038684697405055,9.698276090923123e-05
2,diversified,median_balanced,within_sample,within_sample,Ridge,6.543860885982096,5.351672874639218,0.2174282421516629,-0.0003926381057683248
2,diversified,median_balanced,within_sample,within_sample,RandomForest,5.343447888266995,3.114206250000003,0.47820584395016175,0.2144684662237037
2,diversified,median_balanced,within_sample,within_sample,XGBoost,5.360292088700278,2.892374623775482,0.47491094571952774,0.19119416846717635
2,diversified,median_balanced,within_sample,within_sample,MLP,5.852422738537408,3.121594366279485,0.37406760028695873,-0.0007143080770994375
2,diversified,median_balanced,region_holdout,east_asia_n_pacific,Ridge,11.027091142629038,8.787833314707344,-1.0849235549156329,-5.847215407692595e-05
2,diversified,median_balanced,region_holdout,east_asia_n_pacific,RandomForest,9.583468656083866,7.844698599693535,-0.5747574118526577,0.03044691258715405
2,diversified,median_balanced,region_holdout,east_asia_n_pacific,XGBoost,8.272765864345075,6.551297018432616,-0.17346373814435578,0.029342812528210267
2,diversified,median_balanced,region_holdout,east_asia_n_pacific,MLP,14.43427011254932,10.277931184521977,-2.5723817642221314,0.0001812254261060559
2,diversified,median_balanced,region_holdout,europe_n_central_asia,Ridge,7.336221969154882,5.9755860263873934,0.041685158977079695,0.0001514988026901986
2,diversified,median_balanced,region_holdout,europe_n_central_asia,RandomForest,7.107250322834506,5.647451789935985,0.10057177624247216,0.020766082264221313
2,diversified,median_balanced,region_holdout,europe_n_central_asia,XGBoost,7.316964533548068,5.693545830281575,0.04670967018426275,0.052327829475193835
2,diversified,median_balanced,region_holdout,europe_n_central_asia,MLP,10.688378187816236,8.151738550177072,-1.034168439320407,0.00035226555298216737
2,diversified,median_balanced,region_holdout,latin_america_n_caribbean,Ridge,8.716354641379157,7.0523575953472575,-0.012179267568506846,0.0002842068527051137
2,diversified,median_balanced,region_holdout,latin_america_n_caribbean,RandomForest,6.06177619484586,5.119443999999998,0.5104608278392735,0.021383388657642163
2,diversified,median_balanced,region_holdout,latin_america_n_caribbean,XGBoost,8.207088894217433,7.1767401855468735,0.1026416087082127,-0.0036952385365230144
2,diversified,median_balanced,region_holdout,latin_america_n_caribbean,MLP,10.841450273166561,8.716824485042414,-0.5658942078568869,0.0005880071521442966
2,diversified,median_balanced,region_holdout,north_america,Ridge,7.280100423253693,5.61651331387502,0.026907732656954675,3.2294515828091144e-05
2,diversified,median_balanced,region_holdout,north_america,RandomForest,7.240825056564864,5.422632735910396,0.03737886928604417,0.017145578722234656
2,diversified,median_balanced,region_holdout,north_america,XGBoost,7.406483228281737,5.4902054163614915,-0.0071713624618268135,0.02599078521115501
2,diversified,median_balanced,region_holdout,north_america,MLP,10.676421674605457,7.706093075755515,-1.0928144141628775,-0.00017340818470801828
2,diversified,median_balanced,region_holdout,south_asia,Ridge,7.71764409483117,6.067023910839445,-0.3405497084851763,-0.0003125435139734986
2,diversified,median_balanced,region_holdout,south_asia,RandomForest,8.216943651516663,6.793981999999997,-0.5196166604927264,-0.0021402933422924302
2,diversified,median_balanced,region_holdout,south_asia,XGBoost,7.917049595613229,6.730898522949218,-0.41071784460195326,0.02381692633611776
2,diversified,median_balanced,region_holdout,south_asia,MLP,14.605788641971545,13.331197362748883,-3.801350959356162,-0.0007917704688837393
2,diversified,median_balanced,region_holdout,sub_saharan_africa,Ridge,9.799157871646504,8.09497679408109,0.04427708404525521,2.5459454709564877e-05
2,diversified,median_balanced,region_holdout,sub_saharan_africa,RandomForest,9.821767358332206,8.026262666666666,0.03986173871840537,0.0029129850423081326
2,diversified,median_balanced,region_holdout,sub_saharan_africa,XGBoost,9.600284702851539,8.205375793457032,0.08267608587855979,0.010527440066756322
2,diversified,median_balanced,region_holdout,sub_saharan_africa,MLP,11.073282250895433,7.958854641879476,-0.22041413853352387,0.00030579010909103364
2,diversified,median_balanced,size_holdout,Large-Cap,Ridge,8.72129207556753,7.261732093184625,-0.04274690251077873,-0.00020354815342570675
2,diversified,median_balanced,size_holdout,Large-Cap,RandomForest,8.060206755904797,6.750337999999999,0.10934479465932101,0.04767248750707411
2,diversified,median_balanced,size_holdout,Large-Cap,XGBoost,8.117604184720452,6.947585175577799,0.09661476428524263,0.016342848820385666
2,diversified,median_balanced,size_holdout,Large-Cap,MLP,12.195024289518196,10.168285970701987,-1.0388373704523532,-3.9843000969356104e-05
2,diversified,median_balanced,size_holdout,Mid-Cap,Ridge,7.291099601187417,5.995352964038854,0.020555809242318257,0.00026946406376522993
2,diversified,median_balanced,size_holdout,Mid-Cap,RandomForest,6.745467351141802,5.537883999999999,0.16166476108492545,0.05099755630331152
2,diversified,median_balanced,size_holdout,Mid-Cap,XGBoost,7.042923823212534,5.915902293701172,0.08609802729098026,0.16080352893007505
2,diversified,median_balanced,size_holdout,Mid-Cap,MLP,8.369886448892395,6.332279603319308,-0.2907221556216064,-0.0006222382193985412
2,diversified,median_balanced,size_holdout,Small-Cap,Ridge,9.5336325723781,7.213625598256413,-0.13575259704066434,-2.4083568417267844e-05
2,diversified,median_balanced,size_holdout,Small-Cap,RandomForest,8.974841002509182,6.637368,-0.006515448559529791,-0.006807115111468573
2,diversified,median_balanced,size_holdout,Small-Cap,XGBoost,9.269498266293983,6.654359084472657,-0.07369114994550907,-0.01244311757610226
2,diversified,median_balanced,size_holdout,Small-Cap,MLP,10.75273090674463,8.391326408137092,-0.44478915558727095,0.0005295396364588258
3,baselines,full,within_sample,within_sample,Ridge,7.610811821310679,5.862181601787832,0.04032800057931085,-4.8402641127262765e-05
3,baselines,full,within_sample,within_sample,RandomForest,7.132562891924633,5.445173972602741,0.15714653823543123,0.02039821428537939
3,baselines,full,within_sample,within_sample,XGBoost,7.173882845627278,5.467234882720529,0.14735271111658088,0.031014878959689452
3,baselines,full,within_sample,within_sample,MLP,9.915267079559351,7.1269112822444765,-0.6288072330100505,0.0016313055004798683
3,baselines,full,region_holdout,east_asia_n_pacific,Ridge,8.262882045589885,6.6429762837069,-0.20328268842226116,7.111157773590293e-05
3,baselines,full,region_holdout,east_asia_n_pacific,RandomForest,8.154044175724003,6.446694959043055,-0.171792414236968,0.054450994517896104
3,baselines,full,region_holdout,east_asia_n_pacific,XGBoost,7.377353215190716,5.714532384721058,0.04080762716792863,0.0383530011299071
3,baselines,full,region_holdout,east_asia_n_pacific,MLP,10.090279446352955,7.997864574422977,-0.7943656642826726,-0.0005982938399253835
3,baselines,full,region_holdout,europe_n_central_asia,Ridge,7.156981212593334,5.846339346077507,0.10742043909531529,-0.00010181694494472517
3,baselines,full,region_holdout,europe_n_central_asia,RandomForest,6.10005202429945,4.736968346517033,0.3515831960450845,0.07750505654973674
3,baselines,full,region_holdout,europe_n_central_asia,XGBoost,6.770190103183662,5.485397252286417,0.20129038860315496,0.032688722299801555
3,baselines,full,region_holdout,europe_n_central_asia,MLP,9.4017969287173,7.249706020355801,-0.5403127718604297,0.00029315431506079603
3,baselines,full,region_holdout,latin_america_n_caribbean,Ridge,6.6688736671741085,5.372236810484087,0.07042644968471479,-0.00011051695587380762
3,baselines,full,region_holdout,latin_america_n_caribbean,RandomForest,5.664873156002763,4.2805305102040805,0.32925235426662125,0.03039610177235592
3,baselines,full,region_holdout,latin_america_n_caribbean,XGBoost,5.891689690759038,4.545528506324405,0.27446476720617075,0.03191839054082151
3,baselines,full,region_holdout,latin_america_n_caribbean,MLP,8.615044447214451,6.704072015746071,-0.5512929617783819,-0.00033768896489235384
3,baselines,full,region_holdout,north_america,Ridge,7.421927096575092,5.762170888628434,-0.024117523840153865,4.923973935425503e-05
3,baselines,full,region_holdout,north_america,RandomForest,6.651353058243646,4.909095046239056,0.17749900597100754,0.20942873885739557
3,baselines,full,region_holdout,north_america,XGBoost,6.6694115835505885,4.8991561364291005,0.17302673749962594,0.1657807378753154
3,baselines,full,region_holdout,north_america,MLP,8.385917625262922,6.477143360470742,-0.30742749344526676,0.00021752533235993646
3,baselines,full,region_holdout,south_asia,Ridge,10.34984105827723,8.59469648478129,-0.5808474413173941,0.0001003505319961669
3,baselines,full,region_holdout,south_asia,RandomForest,9.372958405294723,7.47749868392531,-0.2965103237948401,0.0017750301830835758
3,baselines,full,region_holdout,south_asia,XGBoost,10.364921336564946,8.19456258206754,-0.5854575579401795,-0.006387954213363027
3,baselines,full,region_holdout,south_asia,MLP,15.025433602105236,12.502471534815427,-2.3317823802888054,-0.00038785401910791694
3,baselines,full,region_holdout,sub_saharan_africa,Ridge,9.299250887994226,7.289396555898128,0.055582037790937955,0.0005378653445830551
3,baselines,full,region_holdout,sub_saharan_africa,RandomForest,9.256008530509309,7.454198156247162,0.0643448741599979,0.007095351453811158
3,baselines,full,region_holdout,sub_saharan_africa,XGBoost,9.09993542526505,7.466984441656817,0.09563253556345641,0.014046604028725613
3,baselines,full,region_holdout,sub_saharan_africa,MLP,11.85048256827201,9.64237340112803,-0.5336998684552718,0.00030327203336683744
3,baselines,full,size_holdout,Large-Cap,Ridge,8.121310057679606,6.478802747426576,0.035039768152053896,-2.056178281741761e-05
3,baselines,full,size_holdout,Large-Cap,RandomForest,6.945388900957277,5.275762923931152,0.29425083983952827,0.09953055678777888
3,baselines,full,size_holdout,Large-Cap,XGBoost,7.074449796779402,5.3455692132595365,0.26777834179748705,0.0783596106638497
3,baselines,full,size_holdout,Large-Cap,MLP,11.98882523275271,9.312100844788162,-1.1028606351912091,0.0005945522349900822
3,baselines,full,size_holdout,Mid-Cap,Ridge,7.331279608098715,5.825014885328841,0.08733104801020353,5.272523772358193e-05
3,baselines,full,size_holdout,Mid-Cap,RandomForest,6.738889868891128,5.4027078260869565,0.22886497796448158,0.1283443582926462
3,baselines,full,size_holdout,Mid-Cap,XGBoost,7.1663839870272295,5.618230566605278,0.12792495484478317,0.10318883490097915
3,baselines,full,size_holdout,Mid-Cap,MLP,8.52264334302663,6.630054866266233,-0.23339544022320147,-0.00019668032203190333
3,baselines,full,size_holdout,Small-Cap,Ridge,7.721668440092789,5.957009789619606,0.02776222155958541,2.4237515392670106e-05
3,baselines,full,size_holdout,Small-Cap,RandomForest,7.17480876280448,5.152846920106919,0.16059635030056685,0.019994958571461517
3,baselines,full,size_holdout,Small-Cap,XGBoost,7.150046914711747,5.385807084195754,0.16638028663041737,0.0343978469375795
3,baselines,full,size_holdout,Small-Cap,MLP,11.349965833262939,8.190812681008373,-1.1005803656093707,0.00019496863238998788
3,baselines,constrained,within_sample,within_sample,Ridge,6.722312868742233,5.256173753180648,0.024824284220632653,-0.00029533859623422434
3,baselines,constrained,within_sample,within_sample,RandomForest,6.434534686431476,5.097802887267882,0.10653050865649749,-5.710096743035027e-05
3,baselines,constrained,within_sample,within_sample,XGBoost,5.962060436216842,4.668118504491347,0.23292437429935142,0.022845935308718496
3,baselines,constrained,within_sample,within_sample,MLP,13.186612962379492,11.049099948554577,-2.752424421839106,-5.599809174195893e-05
3,baselines,constrained,region_holdout,europe_n_central_asia,Ridge,7.074343467715253,5.761851787536082,0.1329027699871297,-5.5357441215152865e-05
3,baselines,constrained,region_holdout,europe_n_central_asia,RandomForest,6.588177286376505,5.19757090909091,0.24798574907981297,0.02508512033946649
3,baselines,constrained,region_holdout,europe_n_central_asia,XGBoost,6.741299906993482,4.969001329595391,0.2126228399540322,0.015116011329453935
3,baselines,constrained,region_holdout,europe_n_central_asia,MLP,13.948179536239849,11.323960465627033,-2.3707812812280236,-0.00018112201611914766
3,baselines,constrained,region_holdout,north_america,Ridge,9.598347580105786,6.979370254755201,-0.9628025527332242,-6.333379911706936e-05
3,baselines,constrained,region_holdout,north_america,RandomForest,6.997013117399272,4.984572413793104,-0.0430594084254281,0.08043158274418945
3,baselines,constrained,region_holdout,north_america,XGBoost,7.137488494389196,4.8894461230573985,-0.08536174677505626,0.14679012979205042
3,baselines,constrained,region_holdout,north_america,MLP,9.985236022484795,7.44641109308632,-1.1242241316852906,-0.0006938453138382315
3,baselines,constrained,size_holdout,Large-Cap,Ridge,6.184252769297483,4.979709335359696,0.029936495093335402,-7.208005368657335e-05
3,baselines,constrained,size_holdout,Large-Cap,RandomForest,6.34235836637086,4.824211536342409,-0.02029852058335746,0.09035234093484258
3,baselines,constrained,size_holdout,Large-Cap,XGBoost,5.80862757123664,4.396531200721615,0.14419904735125944,0.1039748998985763
3,baselines,constrained,size_holdout,Large-Cap,MLP,8.88036990723716,7.061816488626005,-1.0002662840314862,-0.00023646371495059234
3,baselines,constrained,size_holdout,Mid-Cap,Ridge,7.468265568922323,5.865655382629833,0.07343984867568887,8.111129630937981e-05
3,baselines,constrained,size_holdout,Mid-Cap,RandomForest,6.970381221320389,5.3916888947677855,0.19286315158927336,0.015446737388856036
3,baselines,constrained,size_holdout,Mid-Cap,XGBoost,7.114579613461626,5.671777406857338,0.1591227556801167,0.017077107424773717
3,baselines,constrained,size_holdout,Mid-Cap,MLP,11.010581318238957,7.961641242553167,-1.013977480582763,-0.0008423580057722879
3,diversified,max_balanced,within_sample,within_sample,Ridge,7.033928575056053,5.628208061529089,0.351501056473855,0.0006537373783989492
3,diversified,max_balanced,within_sample,within_sample,RandomForest,3.458246351858389,1.9182971631205894,0.8432436221283877,0.84818761144143
3,diversified,max_balanced,within_sample,within_sample,XGBoost,3.0201706868582225,1.6310706329345703,0.8804426332854435,1.4432546587230983
3,diversified,max_balanced,within_sample,within_sample,MLP,4.32865560359305,1.5627253016863702,0.7544050499373113,0.004473953375417268
3,diversified,max_balanced,region_holdout,east_asia_n_pacific,Ridge,10.020769249752114,7.340199315401805,-0.7257054002320147,9.682534132404564e-05
3,diversified,max_balanced,region_holdout,east_asia_n_pacific,RandomForest,8.34842701298719,6.739327272727271,-0.19777113853044215,-0.007678109682104068
3,diversified,max_balanced,region_holdout,east_asia_n_pacific,XGBoost,7.919405381729403,6.138785413106282,-0.07782855092380037,0.12817902673019826
3,diversified,max_balanced,region_holdout,east_asia_n_pacific,MLP,16.198627496161706,10.020194568623351,-3.5094229605304665,-0.00032037719216874755
3,diversified,max_balanced,region_holdout,europe_n_central_asia,Ridge,6.8009744595857295,5.233800526405323,0.08253757297049424,-0.00016485150994415034
3,diversified,max_balanced,region_holdout,europe_n_central_asia,RandomForest,5.691326554543727,4.30540303030303,0.35750018056983945,0.11710960374101045
3,diversified,max_balanced,region_holdout,europe_n_central_asia,XGBoost,6.206652088234824,4.9112573242187505,0.23588134345565448,0.06067860511524368
3,diversified,max_balanced,region_holdout,europe_n_central_asia,MLP,8.531941392605887,6.73495520299305,-0.44391532848346116,-0.0008886736019640261
3,diversified,max_balanced,region_holdout,latin_america_n_caribbean,Ridge,7.553688669032301,6.410895687319277,0.1827774493568729,0.0002885401596295416
3,diversified,max_balanced,region_holdout,latin_america_n_caribbean,RandomForest,5.792822850119218,4.405398641377008,0.5193790747909884,0.014671002988998436
3,diversified,max_balanced,region_holdout,latin_america_n_caribbean,XGBoost,4.761401318686206,3.870614015839316,0.6752929218227486,0.06352112984679871
3,diversified,max_balanced,region_holdout,latin_america_n_caribbean,MLP,10.559965277066453,7.912458741902452,-0.5971553490520898,-0.00023712135321815353
3,diversified,max_balanced,region_holdout,north_america,Ridge,8.088669507935183,6.3596281856412595,-0.029650041353866063,0.0002806682485217763
3,diversified,max_balanced,region_holdout,north_america,RandomForest,7.313670207561835,5.417875507344234,0.15820526518763844,0.17535837034293805
3,diversified,max_balanced,region_holdout,north_america,XGBoost,7.361678000337305,5.486060543638287,0.14711771463560908,0.1619241299992388
3,diversified,max_balanced,region_holdout,north_america,MLP,10.751148349964193,7.9367530230035905,-0.8190522262122819,0.00036632383105593327
3,diversified,max_balanced,region_holdout,south_asia,Ridge,8.082866992541996,6.238865580457001,-0.33145338732064067,6.845708702189885e-05
3,diversified,max_balanced,region_holdout,south_asia,RandomForest,8.615442268972572,7.171545390782347,-0.5126911130728224,-0.018853500300826023
3,diversified,max_balanced,region_holdout,south_asia,XGBoost,8.623735546471687,6.9728870920701445,-0.5156047662102217,-0.025059312996511807
3,diversified,max_balanced,region_holdout,south_asia,MLP,9.849565419348542,7.92474681753902,-0.9771027507348102,-0.00029283018924592606
3,diversified,max_balanced,region_holdout,sub_saharan_africa,Ridge,9.205195022622163,7.7934356136900425,0.042323492744517965,-6.3549947549301374e-06
3,diversified,max_balanced,region_holdout,sub_saharan_africa,RandomForest,8.907253567962247,7.417319513431623,0.10331381746087076,0.008057302707403492
3,diversified,max_balanced,region_holdout,sub_saharan_africa,XGBoost,9.01884804259451,7.670663634791519,0.08070481549010278,-0.011248132014431377
3,diversified,max_balanced,region_holdout,sub_saharan_africa,MLP,15.56114707204985,10.34284581866019,-1.7367558850614904,-0.00015938174959755422
3,diversified,max_balanced,size_holdout,Large-Cap,Ridge,8.673308274363578,7.076641762475544,0.02264764909771233,-2.3572568380076644e-05
3,diversified,max_balanced,size_holdout,Large-Cap,RandomForest,8.159134364680334,6.794641722223099,0.13509229351969787,0.056868104822580534
3,diversified,max_balanced,size_holdout,Large-Cap,XGBoost,8.273403994566134,6.979498762072937,0.11069638074382393,0.023292390731934252
3,diversified,max_balanced,size_holdout,Large-Cap,MLP,12.844940249140608,9.800088783069318,-1.1436099944879992,-8.94823126541086e-05
3,diversified,max_balanced,size_holdout,Mid-Cap,Ridge,7.543114925978273,6.086506835027605,-0.058644435495794456,0.0003189600136459328
3,diversified,max_balanced,size_holdout,Mid-Cap,RandomForest,6.916303362183143,5.613291869210878,0.10998620563740324,0.05469606728980271
3,diversified,max_balanced,size_holdout,Mid-Cap,XGBoost,7.0584167548097145,5.893083336396651,0.07303515461110721,0.13186107267183478
3,diversified,max_balanced,size_holdout,Mid-Cap,MLP,7.742173307205991,6.175590687682336,-0.11525568889046767,-0.0006182369873447344
3,diversified,max_balanced,size_holdout,Small-Cap,Ridge,8.492744730067876,6.367979660023099,0.03815560686276409,-0.00018173096992216004
3,diversified,max_balanced,size_holdout,Small-Cap,RandomForest,8.296470475532736,5.9665004545454545,0.08209989252720862,0.008223950316331911
3,diversified,max_balanced,size_holdout,Small-Cap,XGBoost,8.505821661357292,6.512447486530651,0.035191275053489846,0.07477175507029002
3,diversified,max_balanced,size_holdout,Small-Cap,MLP,10.91908421671648,8.036074021985439,-0.5899413633476984,-0.000124394550688
3,diversified,median_balanced,within_sample,within_sample,Ridge,6.543860885982096,5.351672874639218,0.2174282421516629,-0.0004653199312876454
3,diversified,median_balanced,within_sample,within_sample,RandomForest,5.626929072646282,3.301923141577042,0.421372678765192,0.15838284586057802
3,diversified,median_balanced,within_sample,within_sample,XGBoost,5.134974803715442,3.5679670162200923,0.5181268943616415,0.23552958580730926
3,diversified,median_balanced,within_sample,within_sample,MLP,6.536420893805211,3.4362641421764666,0.21920670842174617,0.0013464415472125974
3,diversified,median_balanced,region_holdout,east_asia_n_pacific,Ridge,11.027091142629038,8.787833314707344,-1.0849235549156329,-3.947929657186237e-05
3,diversified,median_balanced,region_holdout,east_asia_n_pacific,RandomForest,9.851366908261857,8.141077613225395,-0.6640301711079062,0.02989575522735875
3,diversified,median_balanced,region_holdout,east_asia_n_pacific,XGBoost,8.90752638842012,6.950239944458008,-0.3604495545587205,0.02059504041937286
3,diversified,median_balanced,region_holdout,east_asia_n_pacific,MLP,19.999094286954147,12.087588672750483,-5.857863922754764,0.0004486264402937416
3,diversified,median_balanced,region_holdout,europe_n_central_asia,Ridge,7.336221969154882,5.9755860263873934,0.041685158977079695,-0.0001569021660285415
3,diversified,median_balanced,region_holdout,europe_n_central_asia,RandomForest,6.9715503164123405,5.510219759829061,0.1345897792410462,0.011282805604242411
3,diversified,median_balanced,region_holdout,europe_n_central_asia,XGBoost,7.203704735049731,5.334110952758789,0.07599335380301797,0.04159593083624591
3,diversified,median_balanced,region_holdout,europe_n_central_asia,MLP,9.974076517407555,7.94662973263344,-0.7713675273674272,-0.0007217177676198191
3,diversified,median_balanced,region_holdout,latin_america_n_caribbean,Ridge,8.716354641379157,7.0523575953472575,-0.012179267568506846,-0.00011550826324359482
3,diversified,median_balanced,region_holdout,latin_america_n_caribbean,RandomForest,6.322367051759406,5.527510650687375,0.46746633858455167,0.006987827678824601
3,diversified,median_balanced,region_holdout,latin_america_n_caribbean,XGBoost,7.994498989696861,7.00485086364746,0.14852841914198278,0.0018192071853167149
3,diversified,median_balanced,region_holdout,latin_america_n_caribbean,MLP,13.195229304560375,10.167555131405386,-1.3196450617028344,0.00012456924087687237
3,diversified,median_balanced,region_holdout,north_america,Ridge,7.280100423253693,5.61651331387502,0.026907732656954675,0.00015896699495284407
3,diversified,median_balanced,region_holdout,north_america,RandomForest,7.2910621415241454,5.372346,0.023975137448110195,0.02116035055716404
3,diversified,median_balanced,region_holdout,north_america,XGBoost,7.406483228281737,5.4902054163614915,-0.0071713624618268135,0.0234972684623319
3,diversified,median_balanced,region_holdout,north_america,MLP,11.186633013601499,8.248059246022324,-1.2976192601911358,0.0004057950676912229
3,diversified,median_balanced,region_holdout,south_asia,Ridge,7.71764409483117,6.067023910839445,-0.3405497084851763,-0.00037385262839424087
3,diversified,median_balanced,region_holdout,south_asia,RandomForest,8.151389731722174,6.872897258823521,-0.49546669268196575,-0.014107124255567802
3,diversified,median_balanced,region_holdout,south_asia,XGBoost,8.333985294527322,7.269343035888673,-0.5632156288180998,-0.042359596366456705
3,diversified,median_balanced,region_holdout,south_asia,MLP,10.082439013764366,8.8292318133319,-1.2879400272450057,0.0003686298799626637
3,diversified,median_balanced,region_holdout,sub_saharan_africa,Ridge,9.799157871646504,8.09497679408109,0.04427708404525521,-4.205287912204194e-05
3,diversified,median_balanced,region_holdout,sub_saharan_africa,RandomForest,9.768532808663066,8.242965962273372,0.05024154301722217,0.004807770117269252
3,diversified,median_balanced,region_holdout,sub_saharan_africa,XGBoost,9.570280502118736,8.251457845052084,0.08840103287359624,0.014453672660833316
3,diversified,median_balanced,region_holdout,sub_saharan_africa,MLP,13.126917109797203,9.948898709640332,-0.7150625989391668,0.00014267271275147632
3,diversified,median_balanced,size_holdout,Large-Cap,Ridge,8.72129207556753,7.261732093184625,-0.04274690251077873,0.0002756735541869039
3,diversified,median_balanced,size_holdout,Large-Cap,RandomForest,8.216484407151675,6.7855286666666625,0.07447252256938719,0.03973563316705275
3,diversified,median_balanced,size_holdout,Large-Cap,XGBoost,8.364143952631444,7.134017280069985,0.04090805531471342,0.008121803587028164
3,diversified,median_balanced,size_holdout,Large-Cap,MLP,12.362523469480104,10.169748294892333,-1.0952290368649873,0.0005146032355964902
3,diversified,median_balanced,size_holdout,Mid-Cap,Ridge,7.291099601187417,5.995352964038854,0.020555809242318257,-0.0001774396138322423
3,diversified,median_balanced,size_holdout,Mid-Cap,RandomForest,6.724950051219711,5.4535728,0.16675683727231683,0.05165667917304186
3,diversified,median_balanced,size_holdout,Mid-Cap,XGBoost,7.042923823212534,5.915902293701172,0.08609802729098026,0.14990678742283584
3,diversified,median_balanced,size_holdout,Mid-Cap,MLP,8.651153141185286,6.470353337130289,-0.3789281337782944,-0.00041198120667785
3,diversified,median_balanced,size_holdout,Small-Cap,Ridge,9.5336325723781,7.213625598256413,-0.13575259704066434,0.0001502507871797074
3,diversified,median_balanced,size_holdout,Small-Cap,RandomForest,9.098445319011379,6.706272000000001,-0.03443045192525784,-0.02405200178273098
3,diversified,median_balanced,size_holdout,Small-Cap,XGBoost,9.100020342995599,6.633418926086427,-0.034788621641935524,-0.004982093612407831
3,diversified,median_balanced,size_holdout,Small-Cap,MLP,11.106995159796362,8.456955624082648,-0.5415587600165301,0.00012760758355336374
4,baselines,full,within_sample,within_sample,Ridge,7.610811821310679,5.862181601787832,0.04032800057931085,9.411183754390388e-05
4,baselines,full,within_sample,within_sample,RandomForest,7.098920535624648,5.416974756358794,0.16507880722003898,0.03574875329965419
4,baselines,full,within_sample,within_sample,XGBoost,7.331305355302934,5.457393628995713,0.10952142941886667,0.029568795759128956
4,baselines,full,within_sample,within_sample,MLP,8.664135217777979,6.661242185526377,-0.24368758319568218,0.0013554214938426047
4,baselines,full,region_holdout,east_asia_n_pacific,Ridge,8.262882045589885,6.6429762837069,-0.20328268842226116,-3.3508622592607296e-05
4,baselines,full,region_holdout,east_asia_n_pacific,RandomForest,8.075498682156452,6.474168877753629,-0.1493260848239195,0.04805002876750668
4,baselines,full,region_holdout,east_asia_n_pacific,XGBoost,7.830951185141656,6.032094270009842,-0.08077078328712872,0.055953794862371044
4,baselines,full,region_holdout,east_asia_n_pacific,MLP,8.773612882411962,6.860449944047885,-0.35663025580046304,-0.0009528973046729853
4,baselines,full,region_holdout,europe_n_central_asia,Ridge,7.156981212593334,5.846339346077507,0.10742043909531529,-2.7662157028605705e-05
4,baselines,full,region_holdout,europe_n_central_asia,RandomForest,6.111156102620337,4.790555339791634,0.34922038858631277,0.06789357303889039
4,baselines,full,region_holdout,europe_n_central_asia,XGBoost,6.526407114648099,5.219827744558955,0.2577751233205767,0.04684085896269129
4,baselines,full,region_holdout,europe_n_central_asia,MLP,8.991263470303902,6.888922463814727,-0.40873281544084605,-0.00011911563341048896
4,baselines,full,region_holdout,latin_america_n_caribbean,Ridge,6.6688736671741085,5.372236810484087,0.07042644968471479,0.00018608160648963021
4,baselines,full,region_holdout,latin_america_n_caribbean,RandomForest,5.796601494909171,4.3716201462126225,0.29769515218763676,0.02420163234619599
4,baselines,full,region_holdout,latin_america_n_caribbean,XGBoost,5.994964149716193,4.581670946393694,0.2488062638192433,0.00976917979668456
4,baselines,full,region_holdout,latin_america_n_caribbean,MLP,13.636119127286701,8.72243209397005,-2.8865150207786208,-0.00035113054122393997
4,baselines,full,region_holdout,north_america,Ridge,7.421927096575092,5.762170888628434,-0.024117523840153865,-8.19886101303498e-06
4,baselines,full,region_holdout,north_america,RandomForest,6.471219236309798,4.712410526315789,0.22144615100609621,0.22851303824518304
4,baselines,full,region_holdout,north_america,XGBoost,6.8867437366371,5.209532349569756,0.11825242338902409,0.11216188856376044
4,baselines,full,region_holdout,north_america,MLP,8.722507931979045,6.6050820823536665,-0.4144877003923051,-0.0006268023303577763
4,baselines,full,region_holdout,south_asia,Ridge,10.34984105827723,8.59469648478129,-0.5808474413173941,-0.00010640618536942678
4,baselines,full,region_holdout,south_asia,RandomForest,9.181783807624498,7.318042885848109,-0.244161405801111,0.010127659071376012
4,baselines,full,region_holdout,south_asia,XGBoost,10.364921336564946,8.19456258206754,-0.5854575579401795,0.001765242807394697
4,baselines,full,region_holdout,south_asia,MLP,13.632013327165545,11.121150237052762,-1.7424745359722085,-0.001139071379766335
4,baselines,full,region_holdout,sub_saharan_africa,Ridge,9.299250887994226,7.289396555898128,0.055582037790937955,0.0004034367822108819
4,baselines,full,region_holdout,sub_saharan_africa,RandomForest,9.247704726506344,7.50018409715442,0.06602292180780689,0.0036173991802388185
4,baselines,full,region_holdout,sub_saharan_africa,XGBoost,9.244324447206765,7.407451874582392,0.06670558339246735,-0.0032379269976817796
4,baselines,full,region_holdout,sub_saharan_africa,MLP,9.274754138360812,7.639125227133489,0.0605511903582302,-0.0003518380164341902
4,baselines,full,size_holdout,Large-Cap,Ridge,8.121310057679606,6.478802747426576,0.035039768152053896,-0.00011000508343493146
4,baselines,full,size_holdout,Large-Cap,RandomForest,7.019297422439663,5.27655884955752,0.2791506317546665,0.10455579176155858
4,baselines,full,size_holdout,Large-Cap,XGBoost,7.044453120484541,5.29900299544883,0.2739746258852044,0.0894207458250175
4,baselines,full,size_holdout,Large-Cap,MLP,11.318378053391584,8.439561901480616,-0.8742418226168458,0.0004958565100710886
4,baselines,full,size_holdout,Mid-Cap,Ridge,7.331279608098715,5.825014885328841,0.08733104801020353,-5.3584387679613185e-05
4,baselines,full,size_holdout,Mid-Cap,RandomForest,6.770335060521517,5.3728509341366415,0.22165160499271896,0.15720272256478743
4,baselines,full,size_holdout,Mid-Cap,XGBoost,7.1663839870272295,5.618230566605278,0.12792495484478317,0.15208198556858402
4,baselines,full,size_holdout,Mid-Cap,MLP,9.122455647431975,7.168701096092201,-0.41311410337302146,0.00088702269443416
4,baselines,full,size_holdout,Small-Cap,Ridge,7.721668440092789,5.957009789619606,0.02776222155958541,-6.340830108315759e-05
4,baselines,full,size_holdout,Small-Cap,RandomForest,7.100825418719458,5.167877205882354,0.17781819075830807,0.016160842226065175
4,baselines,full,size_holdout,Small-Cap,XGBoost,7.170476694696555,5.375659293006448,0.1616096890824481,0.027101508978455015
4,baselines,full,size_holdout,Small-Cap,MLP,8.984039226426203,6.98884940520652,-0.31611388933906404,0.00045905363638939643
4,baselines,constrained,within_sample,within_sample,Ridge,6.722312868742233,5.256173753180648,0.024824284220632653,0.00017253124842851313
4,baselines,constrained,within_sample,within_sample,RandomForest,6.607991308707268,5.1745032844932854,0.05771047989457123,-0.002643262595605868
4,baselines,constrained,within_sample,within_sample,XGBoost,6.143685618721661,4.925936944895777,0.18547690451299526,0.012768908507920122
4,baselines,constrained,within_sample,within_sample,MLP,9.248691092998966,7.655791758081575,-0.8458907065261831,0.001281501448045379
4,baselines,constrained,region_holdout,europe_n_central_asia,Ridge,7.074343467715253,5.761851787536082,0.1329027699871297,0.0001566151724145851
4,baselines,constrained,region_holdout,europe_n_central_asia,RandomForest,6.52043177765789,5.0464018181818115,0.2633719938105705,0.03374012070404357
4,baselines,constrained,region_holdout,europe_n_central_asia,XGBoost,6.90354469192618,5.4410839302756555,0.17426670342919337,0.018849549153763034
4,baselines,constrained,region_holdout,europe_n_central_asia,MLP,17.97870600472449,15.92226939876616,-4.600313992713687,-8.14782941531473e-06
4,baselines,constrained,region_holdout,north_america,Ridge,9.598347580105786,6.979370254755201,-0.9628025527332242,-0.00032749590293700513
4,baselines,constrained,region_holdout,north_america,RandomForest,6.96825118825488,4.996804942528734,-0.034501830939899,0.08261225335589681
4,baselines,constrained,region_holdout,north_america,XGBoost,7.490699263511674,5.065356194507117,-0.19544167330449835,0.09692594082084068
4,baselines,constrained,region_holdout,north_america,MLP,10.476382987426858,8.239840726470177,-1.338333232310151,-0.00027404141353921105
4,baselines,constrained,size_holdout,Large-Cap,Ridge,6.184252769297483,4.979709335359696,0.029936495093335402,-3.677152401678289e-05
4,baselines,constrained,size_holdout,Large-Cap,RandomForest,6.228594890392287,4.721985654236471,0.015975589484690578,0.10263690383679783
4,baselines,constrained,size_holdout,Large-Cap,XGBoost,5.88313865759227,4.516507028048155,0.12210238292061726,0.10827053458195827
4,baselines,constrained,size_holdout,Large-Cap,MLP,13.152463405373203,11.127236027036735,-3.387730107508137,9.864667641989345e-05
4,baselines,constrained,size_holdout,Mid-Cap,Ridge,7.468265568922323,5.865655382629833,0.07343984867568887,-1.1498103258566642e-05
4,baselines,constrained,size_holdout,Mid-Cap,RandomForest,6.8700540583461756,5.313340123456788,0.21593075058476963,0.017544973726056942
4,baselines,constrained,size_holdout,Mid-Cap,XGBoost,7.0985700354654195,5.6205791040114415,0.1629028647039682,0.019181558865330333
4,baselines,constrained,size_holdout,Mid-Cap,MLP,11.436808500185549,8.48367937970887,-1.1729203700489825,4.0639159687837154e-05
4,diversified,max_balanced,within_sample,within_sample,Ridge,7.033928575056053,5.628208061529089,0.351501056473855,-0.00019580749516625264
4,diversified,max_balanced,within_sample,within_sample,RandomForest,3.5054318400608615,1.9767671326499652,0.8389367645470425,0.8884875501761297
4,diversified,max_balanced,within_sample,within_sample,XGBoost,3.1927594205290353,1.672948137648562,0.8663879107887663,1.2148360172145605
4,diversified,max_balanced,within_sample,within_sample,MLP,3.917905284488036,1.6768627832185783,0.7988031253234603,0.0008563069536728134
4,diversified,max_balanced,region_holdout,east_asia_n_pacific,Ridge,10.020769249752114,7.340199315401805,-0.7257054002320147,0.0005946141501789752
4,diversified,max_balanced,region_holdout,east_asia_n_pacific,RandomForest,8.51323658609985,6.96920454545454,-0.245529276945186,0.005562773933162345
4,diversified,max_balanced,region_holdout,east_asia_n_pacific,XGBoost,7.594384960017077,6.287142920638576,0.008826344450602153,0.03421403948280678
4,diversified,max_balanced,region_holdout,east_asia_n_pacific,MLP,14.60331018656444,8.858645103977478,-2.664942413000521,0.000616496967589989
4,diversified,max_balanced,region_holdout,europe_n_central_asia,Ridge,6.8009744595857295,5.233800526405323,0.08253757297049424,8.907658976371975e-05
4,diversified,max_balanced,region_holdout,europe_n_central_asia,RandomForest,5.864821329985382,4.456123484848485,0.31773110537997495,0.11686309275686164
4,diversified,max_balanced,region_holdout,europe_n_central_asia,XGBoost,6.132579012088941,4.797620814352325,0.25401120462933946,0.05812304057449615
4,diversified,max_balanced,region_holdout,europe_n_central_asia,MLP,9.303745414927219,7.179741774558592,-0.7169657648711756,-0.00013454989215040274
4,diversified,max_balanced,region_holdout,latin_america_n_caribbean,Ridge,7.553688669032301,6.410895687319277,0.1827774493568729,0.0002566395711661491
4,diversified,max_balanced,region_holdout,latin_america_n_caribbean,RandomForest,5.5563847484480835,4.260876739753029,0.5578121542624049,0.0010263331799073997
4,diversified,max_balanced,region_holdout,latin_america_n_caribbean,XGBoost,4.761401318686206,3.870614015839316,0.6752929218227486,0.10206102601745162
4,diversified,max_balanced,region_holdout,latin_america_n_caribbean,MLP,12.852902930196242,9.313198443070796,-1.3660539071969175,-0.00031096016163697
4,diversified,max_balanced,region_holdout,north_america,Ridge,8.088669507935183,6.3596281856412595,-0.029650041353866063,-0.00029683340406892056
4,diversified,max_balanced,region_holdout,north_america,RandomForest,7.4636557368174,5.517254545454547,0.12332492823208108,0.15054076320131232
4,diversified,max_balanced,region_holdout,north_america,XGBoost,7.361678000337305,5.486060543638287,0.14711771463560908,0.18446220969184965
4,diversified,max_balanced,region_holdout,north_america,MLP,10.424341207511349,7.494036779191762,-0.710144056795706,2.942943317540458e-05
4,diversified,max_balanced,region_holdout,south_asia,Ridge,8.082866992541996,6.238865580457001,-0.33145338732064067,-7.007154489566168e-07
4,diversified,max_balanced,region_holdout,south_asia,RandomForest,8.185224185891025,6.682510227272726,-0.3653885604353966,-0.0237852690110719
4,diversified,max_balanced,region_holdout,south_asia,XGBoost,8.623735546471687,6.9728870920701445,-0.5156047662102217,-0.019856745079636175
4,diversified,max_balanced,region_holdout,south_asia,MLP,10.043447080706388,7.708844863805488,-1.0557045323910592,-0.00010547075242913533
4,diversified,max_balanced,region_holdout,sub_saharan_africa,Ridge,9.205195022622163,7.7934356136900425,0.042323492744517965,0.00015878158089120404
4,diversified,max_balanced,region_holdout,sub_saharan_africa,RandomForest,9.0594865610742,7.3539791666666625,0.07240154600823834,-0.00035606600695019415
4,diversified,max_balanced,region_holdout,sub_saharan_africa,XGBoost,9.156763759700075,7.623913895578095,0.05237422371343314,0.003647053942636072
4,diversified,max_balanced,region_holdout,sub_saharan_africa,MLP,16.71622927566412,12.192816998601815,-2.1581262270927803,-5.9888030671915806e-05
4,diversified,max_balanced,size_holdout,Large-Cap,Ridge,8.673308274363578,7.076641762475544,0.02264764909771233,8.402079099713163e-05
4,diversified,max_balanced,size_holdout,Large-Cap,RandomForest,8.168896160001589,6.818940045281825,0.1330214604225497,0.05250642448436958
4,diversified,max_balanced,size_holdout,Large-Cap,XGBoost,8.818799535621972,6.655700196208375,-0.010416751237236843,0.0031696513410375215
4,diversified,max_balanced,size_holdout,Large-Cap,MLP,20.945091696176338,15.294090790131174,-4.699622975755031,-0.00031203367874584243
4,diversified,max_balanced,size_holdout,Mid-Cap,Ridge,7.543114925978273,6.086506835027605,-0.058644435495794456,0.00010276997912732038
4,diversified,max_balanced,size_holdout,Mid-Cap,RandomForest,6.9777115699159635,5.826690744552,0.09411160335824198,0.06632254881264214
4,diversified,max_balanced,size_holdout,Mid-Cap,XGBoost,7.278598090333058,6.067540863730691,0.01430138079711274,0.0959149722387667
4,diversified,max_balanced,size_holdout,Mid-Cap,MLP,7.817078353020829,6.084340641346088,-0.13694014077969108,0.0008068364104438719
4,diversified,max_balanced,size_holdout,Small-Cap,Ridge,8.492744730067876,6.367979660023099,0.03815560686276409,-5.3397037325216e-06
4,diversified,max_balanced,size_holdout,Small-Cap,RandomForest,8.378233787420811,6.083008127284835,0.06391857751947594,0.01191725094199416
4,diversified,max_balanced,size_holdout,Small-Cap,XGBoost,8.122004521598583,6.205158189600165,0.12029890908175844,0.06674230702972718
4,diversified,max_balanced,size_holdout,Small-Cap,MLP,11.185474053334286,8.46309673075143,-0.6684664037825281,0.0005473081232656308
4,diversified,median_balanced,within_sample,within_sample,Ridge,6.543860885982096,5.351672874639218,0.2174282421516629,0.0005522675549815122
4,diversified,median_balanced,within_sample,within_sample,RandomForest,5.489264387465776,3.2048012500000085,0.44933895844332516,0.15465481932185762
4,diversified,median_balanced,within_sample,within_sample,XGBoost,5.092387908787109,2.79870920753479,0.5260865758372502,0.2239986195849033
4,diversified,median_balanced,within_sample,within_sample,MLP,6.767248904822847,3.730154548550756,0.16308692057095253,0.002285711812550448
4,diversified,median_balanced,region_holdout,east_asia_n_pacific,Ridge,11.027091142629038,8.787833314707344,-1.0849235549156329,-0.00036028055099616833
4,diversified,median_balanced,region_holdout,east_asia_n_pacific,RandomForest,9.532681299711356,7.806397494653673,-0.5581108617073631,0.035006565394881464
4,diversified,median_balanced,region_holdout,east_asia_n_pacific,XGBoost,9.404700537030292,7.634785345458984,-0.5165549478345073,0.07091963312394109
4,diversified,median_balanced,region_holdout,east_asia_n_pacific,MLP,17.439608624206624,11.200615004643472,-4.214848263613368,0.00037893003969492056
4,diversified,median_balanced,region_holdout,europe_n_central_asia,Ridge,7.336221969154882,5.9755860263873934,0.041685158977079695,0.00011988737544957455
4,diversified,median_balanced,region_holdout,europe_n_central_asia,RandomForest,7.0717002061880425,5.564784000000003,0.10954706448661544,0.0002791901034869981
4,diversified,median_balanced,region_holdout,europe_n_central_asia,XGBoost,7.12796554477135,5.38458579305013,0.09532107950594204,0.03220808237409528
4,diversified,median_balanced,region_holdout,europe_n_central_asia,MLP,10.604312692372588,8.19313579715246,-1.002296270749218,-0.0007543930586052462
4,diversified,median_balanced,region_holdout,latin_america_n_caribbean,Ridge,8.716354641379157,7.0523575953472575,-0.012179267568506846,-2.4497904544628106e-05
4,diversified,median_balanced,region_holdout,latin_america_n_caribbean,RandomForest,6.159424519648737,5.158077000000005,0.49456195531073643,0.02266461819166552
4,diversified,median_balanced,region_holdout,latin_america_n_caribbean,XGBoost,7.091111339920834,6.353730766296385,0.33009030616235246,0.008190823237003575
4,diversified,median_balanced,region_holdout,latin_america_n_caribbean,MLP,15.748107353267905,12.510236835482374,-2.304033079118604,-3.7519869718766065e-05
4,diversified,median_balanced,region_holdout,north_america,Ridge,7.280100423253693,5.61651331387502,0.026907732656954675,0.00043368726868652446
4,diversified,median_balanced,region_holdout,north_america,RandomForest,7.057985134713257,5.199876666666666,0.08537986092370053,0.026841325944911072
4,diversified,median_balanced,region_holdout,north_america,XGBoost,7.406483228281737,5.4902054163614915,-0.0071713624618268135,0.04089898554288719
4,diversified,median_balanced,region_holdout,north_america,MLP,12.02636700524902,8.348475512608399,-1.655511503882801,0.0010814076345645786
4,diversified,median_balanced,region_holdout,south_asia,Ridge,7.71764409483117,6.067023910839445,-0.3405497084851763,0.00023702945012944184
4,diversified,median_balanced,region_holdout,south_asia,RandomForest,8.107226883922761,6.682531999999998,-0.47930621886746905,-0.0050149936919300486
4,diversified,median_balanced,region_holdout,south_asia,XGBoost,7.917049595613229,6.730898522949218,-0.41071784460195326,0.015234408805890887
4,diversified,median_balanced,region_holdout,south_asia,MLP,9.618489040824068,7.432634663222041,-1.082222513186101,-0.0012378763655522113
4,diversified,median_balanced,region_holdout,sub_saharan_africa,Ridge,9.799157871646504,8.09497679408109,0.04427708404525521,-1.4089789327467954e-05
4,diversified,median_balanced,region_holdout,sub_saharan_africa,RandomForest,9.505530687980606,7.777194460030168,0.10069454663588973,0.0037204092545527504
4,diversified,median_balanced,region_holdout,sub_saharan_africa,XGBoost,9.736783697391612,8.394252772013347,0.056405208567265275,-0.004179144665495881
4,diversified,median_balanced,region_holdout,sub_saharan_africa,MLP,13.265668478737847,10.16213782089291,-0.7515105992122197,6.67097551112932e-05
4,diversified,median_balanced,size_holdout,Large-Cap,Ridge,8.72129207556753,7.261732093184625,-0.04274690251077873,-5.069741625830362e-05
4,diversified,median_balanced,size_holdout,Large-Cap,RandomForest,8.250200607957964,6.90042633333333,0.06686116620987181,0.04932455573129194
4,diversified,median_balanced,size_holdout,Large-Cap,XGBoost,8.22148928338665,7.04972032877604,0.07334465302587045,0.011592295786179242
4,diversified,median_balanced,size_holdout,Large-Cap,MLP,11.969490087321887,9.707926911544776,-0.9641223827047645,0.00018244748702539245
4,diversified,median_balanced,size_holdout,Mid-Cap,Ridge,7.291099601187417,5.995352964038854,0.020555809242318257,0.00010676768735899946
4,diversified,median_balanced,size_holdout,Mid-Cap,RandomForest,6.491512683575741,5.291363534808347,0.22360013243166388,0.08575110117891638
4,diversified,median_balanced,size_holdout,Mid-Cap,XGBoost,7.336878510193604,6.233050213928221,0.008217848816193363,0.1041509323049011
4,diversified,median_balanced,size_holdout,Mid-Cap,MLP,8.368404660661447,6.46052535987881,-0.290265182253598,0.0004177419927443816
4,diversified,median_balanced,size_holdout,Small-Cap,Ridge,9.5336325723781,7.213625598256413,-0.13575259704066434,-2.3500091630217576e-05
4,diversified,median_balanced,size_holdout,Small-Cap,RandomForest,9.04636982803378,6.749569565696733,-0.022623090979042138,-0.019295720141933308
4,diversified,median_balanced,size_holdout,Small-Cap,XGBoost,8.889949272677992,6.638005487060547,0.012435468185098775,-0.012236173447035977
4,diversified,median_balanced,size_holdout,Small-Cap,MLP,11.66412271056235,9.064744172423387,-0.700086732470206,-0.0002645816980331206
